-- MySQL dump 10.13  Distrib 8.0.21, for Win64 (x86_64)
--
-- Host: localhost    Database: vk
-- ------------------------------------------------------
-- Server version	8.0.21

/*!40101 SET @OLD_CHARACTER_SET_CLIENT=@@CHARACTER_SET_CLIENT */;
/*!40101 SET @OLD_CHARACTER_SET_RESULTS=@@CHARACTER_SET_RESULTS */;
/*!40101 SET @OLD_COLLATION_CONNECTION=@@COLLATION_CONNECTION */;
/*!50503 SET NAMES utf8mb4 */;
/*!40103 SET @OLD_TIME_ZONE=@@TIME_ZONE */;
/*!40103 SET TIME_ZONE='+00:00' */;
/*!40014 SET @OLD_UNIQUE_CHECKS=@@UNIQUE_CHECKS, UNIQUE_CHECKS=0 */;
/*!40014 SET @OLD_FOREIGN_KEY_CHECKS=@@FOREIGN_KEY_CHECKS, FOREIGN_KEY_CHECKS=0 */;
/*!40101 SET @OLD_SQL_MODE=@@SQL_MODE, SQL_MODE='NO_AUTO_VALUE_ON_ZERO' */;
/*!40111 SET @OLD_SQL_NOTES=@@SQL_NOTES, SQL_NOTES=0 */;

--
-- Table structure for table `cities`
--

DROP TABLE IF EXISTS `cities`;
/*!40101 SET @saved_cs_client     = @@character_set_client */;
/*!50503 SET character_set_client = utf8mb4 */;
CREATE TABLE `cities` (
  `id` int unsigned NOT NULL AUTO_INCREMENT COMMENT 'table row identifier',
  `country_id` int unsigned NOT NULL,
  `name` varchar(50) NOT NULL COMMENT 'city name',
  `created_at` datetime DEFAULT CURRENT_TIMESTAMP COMMENT 'record''s creation time-stamp',
  `updated_at` datetime DEFAULT CURRENT_TIMESTAMP ON UPDATE CURRENT_TIMESTAMP COMMENT 'record''s updating time-stamp',
  PRIMARY KEY (`id`),
  UNIQUE KEY `name` (`name`)
) ENGINE=InnoDB AUTO_INCREMENT=128 DEFAULT CHARSET=utf8mb4 COLLATE=utf8mb4_0900_ai_ci COMMENT='city list';
/*!40101 SET character_set_client = @saved_cs_client */;

--
-- Dumping data for table `cities`
--

LOCK TABLES `cities` WRITE;
/*!40000 ALTER TABLE `cities` DISABLE KEYS */;
INSERT INTO `cities` VALUES (1,64,'Ricetown','2020-10-21 16:25:35','2020-10-21 16:32:24'),(2,70,'West Joannyland','2020-10-21 16:25:35','2020-10-21 16:32:24'),(3,78,'Runolfsdottirmouth','2020-10-21 16:25:35','2020-10-21 16:32:24'),(4,15,'Foreststad','2020-10-21 16:25:35','2020-10-21 16:32:24'),(5,2,'Champlinbury','2020-10-21 16:25:35','2020-10-21 16:32:24'),(6,46,'Rachaelchester','2020-10-21 16:25:35','2020-10-21 16:32:24'),(7,63,'Lake Anne','2020-10-21 16:25:35','2020-10-21 16:32:24'),(8,16,'Fatimaberg','2020-10-21 16:25:35','2020-10-21 16:32:24'),(9,50,'Clotildeside','2020-10-21 16:25:35','2020-10-21 16:32:24'),(10,38,'West Janice','2020-10-21 16:25:35','2020-10-21 16:32:24'),(11,42,'Port Kaycee','2020-10-21 16:25:35','2020-10-21 16:32:24'),(12,13,'Lake Zelda','2020-10-21 16:25:35','2020-10-21 16:32:24'),(13,22,'Jaylenport','2020-10-21 16:25:35','2020-10-21 16:32:24'),(14,68,'Lake Gino','2020-10-21 16:25:35','2020-10-21 16:32:24'),(15,30,'Port Eulahchester','2020-10-21 16:25:35','2020-10-21 16:32:24'),(16,29,'South Veronica','2020-10-21 16:25:35','2020-10-21 16:32:24'),(17,55,'Port Daijaton','2020-10-21 16:25:35','2020-10-21 16:32:24'),(18,24,'Lake Alfredohaven','2020-10-21 16:25:35','2020-10-21 16:32:24'),(19,34,'Rashawnmouth','2020-10-21 16:25:35','2020-10-21 16:32:24'),(20,18,'East Reginaldville','2020-10-21 16:25:35','2020-10-21 16:32:24'),(21,70,'North Trentonton','2020-10-21 16:25:35','2020-10-21 16:32:24'),(22,50,'Leschmouth','2020-10-21 16:25:35','2020-10-21 16:32:24'),(23,39,'New Reyes','2020-10-21 16:25:35','2020-10-21 16:32:24'),(24,44,'North Ianfort','2020-10-21 16:25:35','2020-10-21 16:32:24'),(25,23,'Dachside','2020-10-21 16:25:35','2020-10-21 16:32:24'),(26,65,'Lockmanborough','2020-10-21 16:25:35','2020-10-21 16:32:24'),(27,11,'North Ford','2020-10-21 16:25:35','2020-10-21 16:32:24'),(28,24,'East Roxaneview','2020-10-21 16:25:35','2020-10-21 16:32:24'),(29,2,'Tessieville','2020-10-21 16:25:35','2020-10-21 16:32:24'),(30,19,'Flatleybury','2020-10-21 16:25:35','2020-10-21 16:32:24'),(31,10,'South Johnview','2020-10-21 16:25:35','2020-10-21 16:32:24'),(32,72,'Sedrickmouth','2020-10-21 16:25:35','2020-10-21 16:32:24'),(33,4,'Goyetteside','2020-10-21 16:25:35','2020-10-21 16:32:24'),(34,48,'Port Retta','2020-10-21 16:25:35','2020-10-21 16:32:24'),(35,67,'New Gloria','2020-10-21 16:25:35','2020-10-21 16:32:24'),(36,28,'New Serena','2020-10-21 16:25:35','2020-10-21 16:32:24'),(37,18,'Andersonmouth','2020-10-21 16:25:35','2020-10-21 16:32:24'),(38,8,'West Isaacshire','2020-10-21 16:25:35','2020-10-21 16:32:24'),(39,64,'Lake Javier','2020-10-21 16:25:35','2020-10-21 16:32:24'),(40,51,'North Adrienton','2020-10-21 16:25:35','2020-10-21 16:32:24'),(41,65,'Hilllton','2020-10-21 16:25:35','2020-10-21 16:32:24'),(42,9,'North Dale','2020-10-21 16:25:35','2020-10-21 16:32:24'),(43,13,'Lake Chandlerside','2020-10-21 16:25:35','2020-10-21 16:32:24'),(44,38,'Hudsonton','2020-10-21 16:25:35','2020-10-21 16:32:24'),(45,69,'Skilesborough','2020-10-21 16:25:35','2020-10-21 16:32:24'),(46,70,'New Claire','2020-10-21 16:25:35','2020-10-21 16:32:24'),(47,59,'New Jules','2020-10-21 16:25:35','2020-10-21 16:32:24'),(48,3,'Kamrenhaven','2020-10-21 16:25:35','2020-10-21 16:32:24'),(49,80,'North Daryl','2020-10-21 16:25:35','2020-10-21 16:32:24'),(50,66,'Lake Abbie','2020-10-21 16:25:35','2020-10-21 16:32:24'),(51,11,'West Dewittview','2020-10-21 16:25:35','2020-10-21 16:32:24'),(52,16,'South Vida','2020-10-21 16:25:35','2020-10-21 16:32:24'),(53,47,'Lake Daxland','2020-10-21 16:25:35','2020-10-21 16:32:24'),(54,27,'Jacquesberg','2020-10-21 16:25:35','2020-10-21 16:32:24'),(55,73,'Durwardland','2020-10-21 16:25:35','2020-10-21 16:32:24'),(56,39,'North Neoma','2020-10-21 16:25:35','2020-10-21 16:32:24'),(57,59,'Tryciaborough','2020-10-21 16:25:35','2020-10-21 16:32:24'),(58,13,'East Gordon','2020-10-21 16:25:35','2020-10-21 16:32:24'),(59,51,'West Haleighton','2020-10-21 16:25:35','2020-10-21 16:32:24'),(60,54,'Giovanichester','2020-10-21 16:25:35','2020-10-21 16:32:24'),(61,35,'West Dudley','2020-10-21 16:25:35','2020-10-21 16:32:24'),(62,11,'Lake Maida','2020-10-21 16:25:35','2020-10-21 16:32:24'),(63,33,'North Jacey','2020-10-21 16:25:35','2020-10-21 16:32:24'),(64,51,'Perrymouth','2020-10-21 16:25:35','2020-10-21 16:32:24'),(65,73,'Lowetown','2020-10-21 16:25:35','2020-10-21 16:32:24'),(66,52,'Sporerbury','2020-10-21 16:25:35','2020-10-21 16:32:24'),(67,38,'Hilllbury','2020-10-21 16:25:35','2020-10-21 16:32:24'),(68,32,'West Cruzfurt','2020-10-21 16:25:35','2020-10-21 16:32:24'),(69,49,'West Rusty','2020-10-21 16:25:35','2020-10-21 16:32:24'),(70,67,'Cassinchester','2020-10-21 16:25:35','2020-10-21 16:32:24'),(71,24,'Loweside','2020-10-21 16:25:35','2020-10-21 16:32:24'),(72,80,'Fisherfort','2020-10-21 16:25:35','2020-10-21 16:32:24'),(73,2,'Reynoldsshire','2020-10-21 16:25:35','2020-10-21 16:32:24'),(74,16,'Jaskolskimouth','2020-10-21 16:25:35','2020-10-21 16:32:24'),(75,72,'Mallieborough','2020-10-21 16:25:35','2020-10-21 16:32:24'),(76,71,'Estefaniachester','2020-10-21 16:25:35','2020-10-21 16:32:24'),(77,54,'Elisaton','2020-10-21 16:25:35','2020-10-21 16:32:24'),(78,57,'Robertomouth','2020-10-21 16:25:35','2020-10-21 16:32:24'),(79,42,'Antoniastad','2020-10-21 16:25:35','2020-10-21 16:32:24'),(80,38,'Connellystad','2020-10-21 16:25:35','2020-10-21 16:32:24'),(81,64,'North Reuben','2020-10-21 16:25:35','2020-10-21 16:32:24'),(82,41,'Rheafurt','2020-10-21 16:25:35','2020-10-21 16:32:24'),(83,16,'West Laura','2020-10-21 16:25:35','2020-10-21 16:32:24'),(84,37,'Port Christian','2020-10-21 16:25:35','2020-10-21 16:32:24'),(85,55,'Cristianview','2020-10-21 16:25:35','2020-10-21 16:32:24'),(86,1,'Pacochaport','2020-10-21 16:25:35','2020-10-21 16:32:24'),(87,2,'Katherineborough','2020-10-21 16:25:35','2020-10-21 16:32:24'),(88,8,'West Cadentown','2020-10-21 16:25:35','2020-10-21 16:32:24'),(89,33,'Tannerton','2020-10-21 16:25:35','2020-10-21 16:32:24'),(90,57,'Homenickstad','2020-10-21 16:25:35','2020-10-21 16:32:24'),(91,25,'Mortimerfurt','2020-10-21 16:25:35','2020-10-21 16:32:24'),(92,34,'South Adahside','2020-10-21 16:25:35','2020-10-21 16:32:24'),(93,15,'Weissnatview','2020-10-21 16:25:35','2020-10-21 16:32:24'),(94,55,'South Maybellview','2020-10-21 16:25:35','2020-10-21 16:32:24'),(95,64,'Hackettberg','2020-10-21 16:25:35','2020-10-21 16:32:24'),(96,74,'Port Kaylie','2020-10-21 16:25:35','2020-10-21 16:32:24'),(97,16,'Lake Henry','2020-10-21 16:25:35','2020-10-21 16:32:24'),(98,19,'Ebertville','2020-10-21 16:25:35','2020-10-21 16:32:24'),(99,49,'Kurtisfort','2020-10-21 16:25:35','2020-10-21 16:32:24'),(100,23,'Dietrichburgh','2020-10-21 16:25:35','2020-10-21 16:32:24');
/*!40000 ALTER TABLE `cities` ENABLE KEYS */;
UNLOCK TABLES;

--
-- Table structure for table `communities`
--

DROP TABLE IF EXISTS `communities`;
/*!40101 SET @saved_cs_client     = @@character_set_client */;
/*!50503 SET character_set_client = utf8mb4 */;
CREATE TABLE `communities` (
  `id` int unsigned NOT NULL AUTO_INCREMENT COMMENT 'table row identifier',
  `name` varchar(150) CHARACTER SET utf8 COLLATE utf8_unicode_ci NOT NULL COMMENT 'community name',
  `created_at` datetime DEFAULT CURRENT_TIMESTAMP COMMENT 'record''s creation time-stamp',
  `updated_at` datetime DEFAULT CURRENT_TIMESTAMP ON UPDATE CURRENT_TIMESTAMP COMMENT 'record''s updating time-stamp',
  PRIMARY KEY (`id`),
  UNIQUE KEY `name` (`name`)
) ENGINE=InnoDB AUTO_INCREMENT=101 DEFAULT CHARSET=utf8 COLLATE=utf8_unicode_ci COMMENT='communities table';
/*!40101 SET character_set_client = @saved_cs_client */;

--
-- Dumping data for table `communities`
--

LOCK TABLES `communities` WRITE;
/*!40000 ALTER TABLE `communities` DISABLE KEYS */;
INSERT INTO `communities` VALUES (1,'Voluptatem facere ratione non.','2014-03-07 23:54:35','2020-03-11 06:13:10'),(2,'Qui explicabo nisi quisquam.','2011-04-29 03:54:07','2020-06-19 03:25:58'),(3,'Iste molestiae rerum dolorem.','2015-07-13 08:14:07','2020-09-17 23:42:26'),(4,'Consequatur repellendus eos maxime sit.','2015-05-20 23:32:22','2020-08-05 13:16:50'),(5,'Beatae et voluptatibus voluptatum.','2016-01-08 17:36:43','2020-01-11 17:12:09'),(6,'Rerum velit veritatis.','2012-08-13 12:33:28','2019-12-31 12:50:07'),(7,'Inventore quia accusamus.','2017-09-01 17:58:32','2020-07-25 07:25:11'),(8,'Qui quasi ut.','2015-11-29 13:52:39','2019-12-02 18:56:25'),(9,'Consequatur quam porro cumque.','2015-05-05 03:34:13','2020-07-13 22:48:25'),(10,'Aut voluptatibus animi sapiente.','2014-10-15 20:49:34','2020-02-21 06:06:03'),(11,'Similique ut molestiae.','2012-06-19 19:07:44','2020-04-03 11:51:45'),(12,'Blanditiis dicta tenetur et.','2015-02-19 21:57:41','2020-01-04 03:16:48'),(13,'Quasi necessitatibus eius.','2011-04-17 19:48:26','2020-03-03 01:58:06'),(14,'Vero sunt soluta corporis.','2018-02-23 09:22:27','2020-01-22 19:45:14'),(15,'Impedit itaque blanditiis.','2016-10-15 02:35:28','2020-01-02 10:51:42'),(16,'Sint aperiam nulla.','2016-09-14 17:24:03','2020-09-12 02:47:06'),(17,'Rem quia quas odio.','2016-11-12 21:45:23','2020-10-09 10:49:31'),(18,'Dolores dignissimos natus eum.','2012-07-03 17:47:27','2020-08-07 15:41:09'),(19,'Maxime porro velit.','2013-05-07 01:29:48','2020-04-05 23:22:19'),(20,'Ea fugit eum.','2016-10-01 10:59:59','2019-11-14 11:14:10'),(21,'Perspiciatis temporibus maiores cumque.','2013-08-05 11:48:22','2020-09-12 04:15:04'),(22,'In eum corrupti nam voluptas.','2014-08-10 01:12:44','2020-08-08 18:32:34'),(23,'Quaerat consequatur provident quos.','2014-01-14 15:59:22','2020-10-07 18:56:55'),(24,'Molestiae et quas nulla.','2015-05-09 08:41:37','2020-07-08 13:32:19'),(25,'Ipsa atque voluptatem.','2014-05-25 14:07:21','2020-06-25 04:28:59');
/*!40000 ALTER TABLE `communities` ENABLE KEYS */;
UNLOCK TABLES;

--
-- Table structure for table `communities_users`
--

DROP TABLE IF EXISTS `communities_users`;
/*!40101 SET @saved_cs_client     = @@character_set_client */;
/*!50503 SET character_set_client = utf8mb4 */;
CREATE TABLE `communities_users` (
  `community_id` int unsigned NOT NULL COMMENT 'reference to community',
  `user_id` int unsigned NOT NULL COMMENT 'reference to user',
  `created_at` datetime DEFAULT CURRENT_TIMESTAMP COMMENT 'record''s creation time-stamp',
  PRIMARY KEY (`community_id`,`user_id`) COMMENT 'compound key'
) ENGINE=InnoDB DEFAULT CHARSET=utf8 COLLATE=utf8_unicode_ci COMMENT='Users and Communities relations';
/*!40101 SET character_set_client = @saved_cs_client */;

--
-- Dumping data for table `communities_users`
--

LOCK TABLES `communities_users` WRITE;
/*!40000 ALTER TABLE `communities_users` DISABLE KEYS */;
INSERT INTO `communities_users` VALUES (1,27,'2019-01-21 01:43:47'),(1,52,'2014-09-30 05:25:19'),(2,7,'2015-11-20 01:58:27'),(2,9,'2016-02-27 15:48:34'),(2,34,'2017-07-10 14:15:56'),(2,78,'2020-06-26 09:15:10'),(2,97,'2015-01-03 05:19:10'),(3,12,'2011-05-15 11:55:01'),(3,18,'2017-01-04 13:44:00'),(3,36,'2013-08-30 09:58:31'),(3,46,'2017-10-15 06:01:24'),(3,84,'2015-12-25 23:04:28'),(4,15,'2019-11-23 06:30:53'),(4,50,'2019-04-07 02:36:33'),(5,17,'2011-12-16 23:10:57'),(5,33,'2019-09-11 17:33:44'),(5,65,'2019-12-24 15:52:24'),(5,77,'2013-05-31 06:45:10'),(5,99,'2016-08-04 01:22:16'),(6,44,'2017-09-25 06:06:50'),(6,63,'2020-04-22 09:50:50'),(6,73,'2011-04-07 23:11:11'),(6,74,'2017-05-22 20:15:38'),(6,94,'2017-06-04 11:26:25'),(7,4,'2020-07-19 22:55:34'),(7,35,'2019-05-27 12:37:38'),(7,61,'2020-04-14 01:32:02'),(7,70,'2013-02-11 01:42:52'),(7,90,'2018-05-19 01:03:53'),(7,100,'2017-02-04 19:32:16'),(9,11,'2016-06-13 04:27:20'),(9,25,'2011-10-02 06:24:05'),(9,47,'2017-07-25 10:30:54'),(10,5,'2013-10-21 09:39:06'),(10,40,'2018-06-27 02:12:31'),(11,20,'2016-06-14 18:12:01'),(11,41,'2015-07-14 04:31:06'),(11,72,'2015-08-18 10:35:40'),(11,75,'2018-04-22 23:38:08'),(11,85,'2016-07-11 06:14:06'),(12,1,'2017-07-29 00:50:22'),(12,19,'2016-04-08 07:14:37'),(12,37,'2016-01-08 13:23:36'),(12,59,'2013-12-17 12:53:03'),(12,62,'2017-09-12 20:19:06'),(12,79,'2014-05-15 00:01:57'),(12,91,'2017-04-07 06:43:19'),(13,28,'2017-04-02 12:21:53'),(13,30,'2016-02-07 00:00:03'),(13,38,'2016-02-12 23:43:07'),(13,51,'2012-03-28 02:38:12'),(14,14,'2019-01-10 02:29:25'),(14,39,'2015-03-29 23:24:35'),(14,68,'2011-08-12 05:52:42'),(14,82,'2011-11-13 03:34:15'),(14,93,'2012-01-10 02:39:22'),(14,96,'2013-08-09 00:16:09'),(15,32,'2017-04-23 03:52:47'),(15,69,'2014-07-17 11:05:03'),(15,95,'2016-09-20 14:53:55'),(16,29,'2016-06-14 19:38:05'),(16,55,'2019-11-24 12:39:00'),(16,57,'2017-07-15 01:59:37'),(16,86,'2017-01-22 01:50:37'),(16,88,'2018-09-24 17:07:51'),(17,8,'2011-08-18 12:06:45'),(17,21,'2013-05-20 18:41:23'),(17,42,'2019-10-31 04:50:01'),(17,53,'2020-07-05 07:33:57'),(18,6,'2020-06-29 22:06:56'),(18,16,'2012-07-27 13:40:15'),(18,23,'2011-10-09 07:05:44'),(18,45,'2014-09-26 03:23:47'),(18,92,'2018-07-27 19:55:56'),(19,10,'2020-07-07 07:54:15'),(19,31,'2019-01-30 01:28:42'),(20,22,'2018-07-22 11:45:19'),(20,54,'2020-08-06 11:04:53'),(20,58,'2013-06-23 10:05:19'),(20,66,'2016-02-15 08:42:04'),(20,71,'2012-08-11 23:38:23'),(20,87,'2018-12-20 03:27:02'),(21,3,'2014-09-21 11:16:46'),(21,13,'2010-12-05 04:55:32'),(22,67,'2017-09-22 10:39:45'),(23,26,'2013-07-16 15:34:45'),(23,56,'2017-10-28 12:01:12'),(23,80,'2014-09-27 05:27:35'),(23,83,'2014-03-11 22:26:01'),(24,2,'2012-05-14 17:50:55'),(24,24,'2011-07-29 04:20:15'),(24,60,'2015-09-11 21:41:36'),(24,64,'2017-10-23 09:18:26'),(24,89,'2020-10-09 04:13:28'),(24,98,'2018-06-05 17:53:09'),(25,43,'2015-11-14 06:22:17'),(25,48,'2015-11-25 06:14:08'),(25,49,'2019-01-03 20:47:45'),(25,76,'2013-05-20 00:03:00'),(25,81,'2018-10-27 12:27:41');
/*!40000 ALTER TABLE `communities_users` ENABLE KEYS */;
UNLOCK TABLES;

--
-- Table structure for table `countries`
--

DROP TABLE IF EXISTS `countries`;
/*!40101 SET @saved_cs_client     = @@character_set_client */;
/*!50503 SET character_set_client = utf8mb4 */;
CREATE TABLE `countries` (
  `id` int unsigned NOT NULL AUTO_INCREMENT COMMENT 'table row identifier',
  `name` varchar(50) NOT NULL COMMENT 'country name',
  `created_at` datetime DEFAULT CURRENT_TIMESTAMP COMMENT 'record''s creation time-stamp',
  `updated_at` datetime DEFAULT CURRENT_TIMESTAMP ON UPDATE CURRENT_TIMESTAMP COMMENT 'record''s updating time-stamp',
  PRIMARY KEY (`id`),
  UNIQUE KEY `name` (`name`)
) ENGINE=InnoDB AUTO_INCREMENT=128 DEFAULT CHARSET=utf8mb4 COLLATE=utf8mb4_0900_ai_ci COMMENT='country list';
/*!40101 SET character_set_client = @saved_cs_client */;

--
-- Dumping data for table `countries`
--

LOCK TABLES `countries` WRITE;
/*!40000 ALTER TABLE `countries` DISABLE KEYS */;
INSERT INTO `countries` VALUES (1,'Libyan Arab Jamahiriya','2020-10-21 16:29:11','2020-10-21 16:29:11'),(2,'Lebanon','2020-10-21 16:29:11','2020-10-21 16:29:11'),(3,'Bhutan','2020-10-21 16:29:11','2020-10-21 16:29:11'),(4,'Lithuania','2020-10-21 16:29:11','2020-10-21 16:29:11'),(5,'Jordan','2020-10-21 16:29:11','2020-10-21 16:29:11'),(6,'British Virgin Islands','2020-10-21 16:29:11','2020-10-21 16:29:11'),(7,'Martinique','2020-10-21 16:29:11','2020-10-21 16:29:11'),(8,'French Guiana','2020-10-21 16:29:11','2020-10-21 16:29:11'),(9,'Zimbabwe','2020-10-21 16:29:11','2020-10-21 16:29:11'),(10,'Indonesia','2020-10-21 16:29:11','2020-10-21 16:29:11'),(11,'Mongolia','2020-10-21 16:29:11','2020-10-21 16:29:11'),(12,'United Arab Emirates','2020-10-21 16:29:11','2020-10-21 16:29:11'),(13,'Armenia','2020-10-21 16:29:11','2020-10-21 16:29:11'),(14,'Myanmar','2020-10-21 16:29:11','2020-10-21 16:29:11'),(15,'Bulgaria','2020-10-21 16:29:11','2020-10-21 16:29:11'),(16,'Morocco','2020-10-21 16:29:11','2020-10-21 16:29:11'),(17,'Vanuatu','2020-10-21 16:29:11','2020-10-21 16:29:11'),(18,'Costa Rica','2020-10-21 16:29:11','2020-10-21 16:29:11'),(19,'Lao People\'s Democratic Republic','2020-10-21 16:29:11','2020-10-21 16:29:11'),(20,'Russian Federation','2020-10-21 16:29:11','2020-10-21 16:29:11'),(21,'Turks and Caicos Islands','2020-10-21 16:29:11','2020-10-21 16:29:11'),(22,'Albania','2020-10-21 16:29:11','2020-10-21 16:29:11'),(23,'New Zealand','2020-10-21 16:29:11','2020-10-21 16:29:11'),(24,'Singapore','2020-10-21 16:29:11','2020-10-21 16:29:11'),(25,'Malaysia','2020-10-21 16:29:11','2020-10-21 16:29:11'),(26,'France','2020-10-21 16:29:11','2020-10-21 16:29:11'),(27,'Algeria','2020-10-21 16:29:11','2020-10-21 16:29:11'),(28,'Bolivia','2020-10-21 16:29:11','2020-10-21 16:29:11'),(29,'Cameroon','2020-10-21 16:29:11','2020-10-21 16:29:11'),(30,'Nigeria','2020-10-21 16:29:11','2020-10-21 16:29:11'),(31,'Japan','2020-10-21 16:29:11','2020-10-21 16:29:11'),(32,'Fiji','2020-10-21 16:29:11','2020-10-21 16:29:11'),(33,'Grenada','2020-10-21 16:29:11','2020-10-21 16:29:11'),(34,'Comoros','2020-10-21 16:29:11','2020-10-21 16:29:11'),(35,'Panama','2020-10-21 16:29:11','2020-10-21 16:29:11'),(36,'Lesotho','2020-10-21 16:29:11','2020-10-21 16:29:11'),(37,'Andorra','2020-10-21 16:29:11','2020-10-21 16:29:11'),(38,'Mauritius','2020-10-21 16:29:11','2020-10-21 16:29:11'),(39,'Macedonia','2020-10-21 16:29:11','2020-10-21 16:29:11'),(40,'Luxembourg','2020-10-21 16:29:11','2020-10-21 16:29:11'),(41,'Kuwait','2020-10-21 16:29:11','2020-10-21 16:29:11'),(42,'Korea','2020-10-21 16:29:11','2020-10-21 16:29:11'),(43,'Ukraine','2020-10-21 16:29:11','2020-10-21 16:29:11'),(44,'Palau','2020-10-21 16:29:11','2020-10-21 16:29:11'),(45,'Solomon Islands','2020-10-21 16:29:11','2020-10-21 16:29:11'),(46,'Faroe Islands','2020-10-21 16:29:11','2020-10-21 16:29:11'),(47,'Philippines','2020-10-21 16:29:11','2020-10-21 16:29:11'),(48,'Malta','2020-10-21 16:29:11','2020-10-21 16:29:11'),(49,'Aruba','2020-10-21 16:29:11','2020-10-21 16:29:11'),(50,'Tonga','2020-10-21 16:29:11','2020-10-21 16:29:11'),(51,'Seychelles','2020-10-21 16:29:11','2020-10-21 16:29:11'),(52,'Spain','2020-10-21 16:29:11','2020-10-21 16:29:11'),(53,'Burkina Faso','2020-10-21 16:29:11','2020-10-21 16:29:11'),(54,'Cambodia','2020-10-21 16:29:11','2020-10-21 16:29:11'),(55,'Guinea','2020-10-21 16:29:11','2020-10-21 16:29:11'),(56,'Cocos (Keeling) Islands','2020-10-21 16:29:11','2020-10-21 16:29:11'),(57,'Syrian Arab Republic','2020-10-21 16:29:11','2020-10-21 16:29:11'),(58,'Switzerland','2020-10-21 16:29:11','2020-10-21 16:29:11'),(59,'Guadeloupe','2020-10-21 16:29:11','2020-10-21 16:29:11'),(60,'Dominican Republic','2020-10-21 16:29:11','2020-10-21 16:29:11'),(61,'Eritrea','2020-10-21 16:29:11','2020-10-21 16:29:11'),(62,'Netherlands','2020-10-21 16:29:11','2020-10-21 16:29:11'),(63,'Estonia','2020-10-21 16:29:11','2020-10-21 16:29:11'),(64,'Sao Tome and Principe','2020-10-21 16:29:11','2020-10-21 16:29:11'),(65,'Mali','2020-10-21 16:29:11','2020-10-21 16:29:11'),(66,'Guernsey','2020-10-21 16:29:11','2020-10-21 16:29:11'),(67,'Norway','2020-10-21 16:29:11','2020-10-21 16:29:11'),(68,'Svalbard & Jan Mayen Islands','2020-10-21 16:29:11','2020-10-21 16:29:11'),(69,'Barbados','2020-10-21 16:29:11','2020-10-21 16:29:11'),(70,'South Africa','2020-10-21 16:29:11','2020-10-21 16:29:11'),(71,'Anguilla','2020-10-21 16:29:11','2020-10-21 16:29:11'),(72,'Cayman Islands','2020-10-21 16:29:11','2020-10-21 16:29:11'),(73,'Peru','2020-10-21 16:29:11','2020-10-21 16:29:11'),(74,'Tuvalu','2020-10-21 16:29:11','2020-10-21 16:29:11'),(75,'Saint Barthelemy','2020-10-21 16:29:11','2020-10-21 16:29:11'),(76,'Afghanistan','2020-10-21 16:29:11','2020-10-21 16:29:11'),(77,'Tunisia','2020-10-21 16:29:11','2020-10-21 16:29:11'),(78,'French Polynesia','2020-10-21 16:29:11','2020-10-21 16:29:11'),(79,'Georgia','2020-10-21 16:29:11','2020-10-21 16:29:11'),(80,'Saint Helena','2020-10-21 16:29:11','2020-10-21 16:29:11'),(81,'Ireland','2020-10-21 16:29:11','2020-10-21 16:29:11');
/*!40000 ALTER TABLE `countries` ENABLE KEYS */;
UNLOCK TABLES;

--
-- Table structure for table `friendship_statuses`
--

DROP TABLE IF EXISTS `friendship_statuses`;
/*!40101 SET @saved_cs_client     = @@character_set_client */;
/*!50503 SET character_set_client = utf8mb4 */;
CREATE TABLE `friendship_statuses` (
  `id` int unsigned NOT NULL AUTO_INCREMENT COMMENT 'table row identifier',
  `name` varchar(100) CHARACTER SET utf8 COLLATE utf8_unicode_ci NOT NULL COMMENT 'Satus',
  `created_at` datetime DEFAULT CURRENT_TIMESTAMP COMMENT 'record''s creation time-stamp',
  `updated_at` datetime DEFAULT CURRENT_TIMESTAMP ON UPDATE CURRENT_TIMESTAMP COMMENT 'record''s updating time-stamp',
  PRIMARY KEY (`id`),
  UNIQUE KEY `name` (`name`)
) ENGINE=InnoDB AUTO_INCREMENT=4 DEFAULT CHARSET=utf8 COLLATE=utf8_unicode_ci COMMENT='friendship status table';
/*!40101 SET character_set_client = @saved_cs_client */;

--
-- Dumping data for table `friendship_statuses`
--

LOCK TABLES `friendship_statuses` WRITE;
/*!40000 ALTER TABLE `friendship_statuses` DISABLE KEYS */;
INSERT INTO `friendship_statuses` VALUES (1,'Requested','2020-10-21 17:52:02','2020-10-21 17:52:02'),(2,'Confirmed','2020-10-21 17:52:02','2020-10-21 17:52:02'),(3,'Rejected','2020-10-21 17:52:02','2020-10-21 17:52:02');
/*!40000 ALTER TABLE `friendship_statuses` ENABLE KEYS */;
UNLOCK TABLES;

--
-- Table structure for table `friendships`
--

DROP TABLE IF EXISTS `friendships`;
/*!40101 SET @saved_cs_client     = @@character_set_client */;
/*!50503 SET character_set_client = utf8mb4 */;
CREATE TABLE `friendships` (
  `user_id` int unsigned NOT NULL COMMENT 'user-requester',
  `friend_id` int unsigned NOT NULL COMMENT 'user-adressee',
  `status_id` int unsigned NOT NULL COMMENT 'friendship''s status',
  `confirmed_at` datetime DEFAULT NULL COMMENT 'time of confomation',
  `created_at` datetime DEFAULT CURRENT_TIMESTAMP COMMENT 'record''s creation time-stamp',
  `updated_at` datetime DEFAULT CURRENT_TIMESTAMP ON UPDATE CURRENT_TIMESTAMP COMMENT 'record''s updating time-stamp',
  PRIMARY KEY (`user_id`,`friend_id`) COMMENT 'compound key'
) ENGINE=InnoDB DEFAULT CHARSET=utf8 COLLATE=utf8_unicode_ci COMMENT='friendship''s relations table';
/*!40101 SET character_set_client = @saved_cs_client */;

--
-- Dumping data for table `friendships`
--

LOCK TABLES `friendships` WRITE;
/*!40000 ALTER TABLE `friendships` DISABLE KEYS */;
INSERT INTO `friendships` VALUES (2,3,2,'2020-10-21 15:45:11','2012-03-06 11:10:07','2020-10-21 18:01:15'),(2,48,2,'2020-10-21 15:45:11','2017-06-01 15:31:59','2020-10-21 18:01:15'),(2,57,1,'2020-10-21 15:45:11','2016-07-28 20:22:05','2020-10-21 18:01:15'),(2,60,2,'2020-10-21 15:45:11','2017-04-25 16:23:41','2020-10-21 18:01:15'),(3,26,1,'2020-10-21 15:45:11','2012-05-07 00:52:17','2020-10-21 18:01:15'),(3,88,2,'2020-10-21 15:45:11','2014-10-23 21:56:05','2020-10-21 18:01:15'),(4,55,3,'2020-10-21 15:45:11','2015-02-07 07:24:49','2020-10-21 18:01:15'),(4,65,1,'2020-10-21 15:45:11','2011-11-17 01:29:41','2020-10-21 18:01:15'),(5,86,1,'2020-10-21 15:45:11','2015-12-29 14:15:53','2020-10-21 18:01:15'),(6,19,2,'2020-10-21 15:45:11','2015-04-26 21:16:15','2020-10-21 18:01:15'),(6,29,2,'2020-10-21 15:45:11','2015-11-09 14:18:49','2020-10-21 18:01:15'),(7,32,3,'2020-10-21 15:45:11','2016-04-17 22:29:10','2020-10-21 18:01:15'),(7,47,1,'2020-10-21 15:45:11','2016-02-23 02:35:24','2020-10-21 18:01:15'),(8,32,2,'2020-10-21 15:45:11','2014-05-24 19:52:38','2020-10-21 18:01:15'),(9,16,2,'2020-10-21 15:45:11','2017-02-19 17:15:53','2020-10-21 18:01:15'),(10,64,2,'2020-10-21 15:45:11','2017-09-18 13:38:52','2020-10-21 18:01:15'),(10,99,3,'2020-10-21 15:45:11','2010-11-26 02:50:23','2020-10-21 18:01:15'),(11,54,2,'2020-10-21 15:45:11','2013-01-20 15:00:58','2020-10-21 18:01:15'),(12,65,2,'2020-10-21 15:45:11','2017-10-16 02:42:14','2020-10-21 18:01:15'),(12,87,1,'2020-10-21 15:45:11','2013-10-18 22:12:00','2020-10-21 18:01:15'),(12,90,2,'2020-10-21 15:45:11','2016-05-19 15:14:35','2020-10-21 18:01:15'),(13,10,2,'2020-10-21 15:45:11','2016-10-22 21:56:56','2020-10-21 18:01:15'),(13,48,3,'2020-10-21 15:45:11','2011-03-05 14:40:35','2020-10-21 18:01:15'),(13,72,3,'2020-10-21 15:45:11','2013-10-18 13:02:15','2020-10-21 18:01:15'),(13,80,3,'2020-10-21 15:45:11','2012-11-07 07:24:08','2020-10-21 18:01:15'),(13,91,3,'2020-10-21 15:45:11','2015-11-02 13:35:19','2020-10-21 18:01:15'),(14,29,2,'2020-10-21 15:45:11','2016-04-02 21:47:50','2020-10-21 18:01:15'),(15,70,2,'2020-10-21 15:45:11','2011-09-01 23:11:33','2020-10-21 18:01:15'),(16,49,2,'2020-10-21 15:45:11','2013-02-07 07:19:00','2020-10-21 18:01:15'),(16,63,2,'2020-10-21 15:45:11','2016-10-28 08:04:57','2020-10-21 18:01:15'),(21,25,1,'2020-10-21 15:45:11','2016-06-30 16:44:01','2020-10-21 18:01:15'),(21,89,3,'2020-10-21 15:45:11','2013-06-02 04:47:46','2020-10-21 18:01:15'),(21,95,1,'2020-10-21 15:45:11','2015-09-14 09:16:50','2020-10-21 18:01:15'),(24,17,1,'2020-10-21 15:45:11','2017-12-27 18:40:04','2020-10-21 18:01:15'),(25,8,1,'2020-10-21 15:45:11','2016-10-12 20:44:02','2020-10-21 18:01:15'),(26,44,3,'2020-10-21 15:45:11','2011-03-23 13:56:53','2020-10-21 18:01:15'),(27,17,2,'2020-10-21 15:45:11','2012-01-04 18:00:13','2020-10-21 18:01:15'),(27,48,3,'2020-10-21 15:45:11','2017-05-23 20:11:40','2020-10-21 18:01:15'),(29,63,3,'2020-10-21 15:45:11','2012-02-07 08:44:14','2020-10-21 18:01:15'),(30,1,3,'2020-10-21 15:45:11','2014-01-29 12:45:53','2020-10-21 18:01:15'),(30,68,3,'2020-10-21 15:45:11','2015-05-25 09:17:36','2020-10-21 18:01:15'),(30,84,2,'2020-10-21 15:45:11','2013-10-27 23:14:51','2020-10-21 18:01:15'),(31,1,2,'2020-10-21 15:45:11','2011-03-30 00:59:26','2020-10-21 18:01:15'),(31,18,3,'2020-10-21 15:45:11','2017-01-25 06:37:11','2020-10-21 18:01:15'),(32,28,2,'2020-10-21 15:45:11','2015-05-13 12:58:55','2020-10-21 18:01:15'),(33,5,1,'2020-10-21 15:45:11','2015-06-16 08:50:34','2020-10-21 18:01:15'),(33,46,2,'2020-10-21 15:45:11','2014-06-28 13:21:48','2020-10-21 18:01:15'),(34,27,3,'2020-10-21 15:45:11','2017-04-11 09:42:33','2020-10-21 18:01:15'),(34,76,2,'2020-10-21 15:45:11','2014-02-24 02:03:32','2020-10-21 18:01:15'),(35,98,2,'2020-10-21 15:45:11','2016-03-13 05:08:53','2020-10-21 18:01:15'),(37,15,3,'2020-10-21 15:45:11','2012-06-28 18:10:20','2020-10-21 18:01:15'),(37,43,1,'2020-10-21 15:45:11','2016-09-28 15:22:33','2020-10-21 18:01:15'),(37,82,3,'2020-10-21 15:45:11','2011-05-24 15:39:54','2020-10-21 18:01:15'),(37,90,3,'2020-10-21 15:45:11','2012-10-18 10:58:32','2020-10-21 18:01:15'),(39,63,3,'2020-10-21 15:45:11','2015-07-05 17:42:14','2020-10-21 18:01:15'),(43,93,1,'2020-10-21 15:45:11','2012-10-13 03:04:55','2020-10-21 18:01:15'),(44,34,1,'2020-10-21 15:45:11','2016-09-07 10:46:10','2020-10-21 18:01:15'),(45,81,1,'2020-10-21 15:45:11','2012-04-16 13:23:31','2020-10-21 18:01:15'),(49,100,3,'2020-10-21 15:45:11','2017-08-31 17:54:05','2020-10-21 18:01:15'),(51,52,2,'2020-10-21 15:45:11','2016-11-10 01:30:21','2020-10-21 18:01:15'),(52,61,1,'2020-10-21 15:45:11','2013-06-11 06:49:39','2020-10-21 18:01:15'),(53,40,3,'2020-10-21 15:45:11','2012-11-07 09:34:27','2020-10-21 18:01:15'),(55,37,1,'2020-10-21 15:45:11','2010-11-28 16:53:11','2020-10-21 18:01:15'),(57,40,2,'2020-10-21 15:45:11','2016-06-22 00:19:10','2020-10-21 18:01:15'),(57,45,3,'2020-10-21 15:45:11','2016-02-21 23:08:18','2020-10-21 18:01:15'),(60,32,2,'2020-10-21 15:45:11','2017-03-31 04:11:13','2020-10-21 18:01:15'),(60,59,3,'2020-10-21 15:45:11','2011-03-14 02:50:03','2020-10-21 18:01:15'),(61,39,3,'2020-10-21 15:45:11','2015-02-02 16:16:15','2020-10-21 18:01:15'),(62,34,3,'2020-10-21 15:45:11','2013-12-27 15:43:54','2020-10-21 18:01:15'),(62,56,1,'2020-10-21 15:45:11','2011-03-07 05:00:41','2020-10-21 18:01:15'),(64,75,2,'2020-10-21 15:45:11','2016-09-28 15:35:35','2020-10-21 18:01:15'),(65,99,3,'2020-10-21 15:45:11','2012-02-13 06:55:22','2020-10-21 18:01:15'),(65,100,1,'2020-10-21 15:45:11','2015-08-04 17:09:15','2020-10-21 18:01:15'),(66,43,3,'2020-10-21 15:45:11','2014-04-14 03:14:29','2020-10-21 18:01:15'),(67,36,2,'2020-10-21 15:45:11','2014-07-09 18:05:36','2020-10-21 18:01:15'),(69,2,3,'2020-10-21 15:45:11','2013-03-08 05:57:30','2020-10-21 18:01:15'),(69,75,1,'2020-10-21 15:45:11','2017-07-11 17:43:38','2020-10-21 18:01:15'),(70,5,3,'2020-10-21 15:45:11','2015-10-12 14:40:57','2020-10-21 18:01:15'),(75,17,1,'2020-10-21 15:45:11','2017-03-13 05:46:54','2020-10-21 18:01:15'),(75,46,3,'2020-10-21 15:45:11','2015-01-07 05:30:38','2020-10-21 18:01:15'),(77,73,2,'2020-10-21 15:45:11','2013-10-09 16:41:19','2020-10-21 18:01:15'),(79,29,3,'2020-10-21 15:45:11','2010-11-16 23:30:10','2020-10-21 18:01:15'),(80,3,3,'2020-10-21 15:45:11','2015-03-26 03:06:03','2020-10-21 18:01:15'),(80,89,3,'2020-10-21 15:45:11','2015-10-09 07:08:52','2020-10-21 18:01:15'),(81,31,1,'2020-10-21 15:45:11','2016-03-24 04:43:45','2020-10-21 18:01:15'),(81,80,1,'2020-10-21 15:45:11','2014-08-14 13:50:23','2020-10-21 18:01:15'),(82,26,1,'2020-10-21 15:45:11','2014-01-05 23:28:43','2020-10-21 18:01:15'),(83,22,1,'2020-10-21 15:45:11','2013-10-08 04:47:37','2020-10-21 18:01:15'),(84,16,3,'2020-10-21 15:45:11','2011-04-03 16:42:52','2020-10-21 18:01:15'),(84,41,3,'2020-10-21 15:45:11','2016-07-24 20:37:51','2020-10-21 18:01:15'),(87,95,3,'2020-10-21 15:45:11','2016-03-14 00:05:49','2020-10-21 18:01:15'),(89,47,2,'2020-10-21 15:45:11','2017-04-09 15:53:49','2020-10-21 18:01:15'),(91,60,1,'2020-10-21 15:45:11','2014-10-11 19:35:42','2020-10-21 18:01:15'),(93,14,2,'2020-10-21 15:45:11','2015-04-13 19:39:20','2020-10-21 18:01:15'),(94,1,2,'2020-10-21 15:45:11','2015-08-21 12:10:30','2020-10-21 18:01:15'),(94,90,2,'2020-10-21 15:45:11','2016-01-16 15:40:28','2020-10-21 18:01:15'),(97,95,1,'2020-10-21 15:45:11','2012-02-23 21:36:02','2020-10-21 18:01:15'),(98,48,3,'2020-10-21 15:45:11','2013-03-26 00:26:42','2020-10-21 18:01:15'),(99,47,1,'2020-10-21 15:45:11','2017-03-12 02:44:16','2020-10-21 18:01:15'),(100,1,2,'2020-10-21 15:45:11','2012-08-11 05:14:03','2020-10-21 18:01:15');
/*!40000 ALTER TABLE `friendships` ENABLE KEYS */;
UNLOCK TABLES;

--
-- Table structure for table `media`
--

DROP TABLE IF EXISTS `media`;
/*!40101 SET @saved_cs_client     = @@character_set_client */;
/*!50503 SET character_set_client = utf8mb4 */;
CREATE TABLE `media` (
  `id` int unsigned NOT NULL AUTO_INCREMENT COMMENT 'table row identifier',
  `user_id` int unsigned NOT NULL COMMENT 'reference to user, mediafile owner',
  `filename` varchar(255) CHARACTER SET utf8 COLLATE utf8_unicode_ci NOT NULL COMMENT 'file reference',
  `size` int NOT NULL COMMENT 'file size',
  `metadata` json DEFAULT NULL,
  `media_type_id` int unsigned NOT NULL COMMENT 'Reference to file type',
  `created_ad` datetime DEFAULT CURRENT_TIMESTAMP COMMENT 'record''s creation time-stamp',
  `updated_ad` datetime DEFAULT CURRENT_TIMESTAMP ON UPDATE CURRENT_TIMESTAMP COMMENT 'record''s updating time-stamp',
  PRIMARY KEY (`id`),
  CONSTRAINT `media_chk_1` CHECK (json_valid(`metadata`))
) ENGINE=InnoDB AUTO_INCREMENT=101 DEFAULT CHARSET=utf8 COLLATE=utf8_unicode_ci COMMENT='Media content';
/*!40101 SET character_set_client = @saved_cs_client */;

--
-- Dumping data for table `media`
--

LOCK TABLES `media` WRITE;
/*!40000 ALTER TABLE `media` DISABLE KEYS */;
INSERT INTO `media` VALUES (1,56,'http://vkmedia.org/vk/consectetur_Bashirian.avi',484384,'{\"size\": \"484384\", \"owner\": \"Nora Gutmann\"}',3,'2015-08-25 19:08:42','2020-10-21 17:46:47'),(2,23,'http://vkmedia.org/vk/aut_Huel.avi',376876,'{\"size\": \"376876\", \"owner\": \"Dedrick Donnelly\"}',2,'2015-05-08 13:10:19','2020-10-21 17:46:47'),(3,33,'http://vkmedia.org/vk/quia_Cummerata.jpeg',593220,'{\"size\": \"593220\", \"owner\": \"Assunta Cole\"}',1,'2017-01-26 02:04:16','2020-10-21 17:46:47'),(4,93,'http://vkmedia.org/vk/consequuntur_Reichel.jpeg',421228,'{\"size\": \"421228\", \"owner\": \"Heidi Boyer\"}',3,'2014-12-06 17:59:50','2020-10-21 17:46:47'),(5,63,'http://vkmedia.org/vk/vel_Hermann.avi',623333,'{\"size\": \"623333\", \"owner\": \"Zella Becker\"}',3,'2014-09-04 09:02:06','2020-10-21 17:46:47'),(6,12,'http://vkmedia.org/vk/quia_Ortiz.png',327007,'{\"size\": \"327007\", \"owner\": \"Deanna Torp\"}',3,'2017-01-07 13:19:52','2020-10-21 17:46:47'),(7,8,'http://vkmedia.org/vk/laboriosam_Reichel.mp3',965512,'{\"size\": \"965512\", \"owner\": \"Aglae Abernathy\"}',1,'2016-11-05 18:36:15','2020-10-21 17:46:47'),(8,2,'http://vkmedia.org/vk/corrupti_Gerlach.avi',553878,'{\"size\": \"553878\", \"owner\": \"Yolanda Hudson\"}',2,'2012-07-06 20:11:43','2020-10-21 17:46:47'),(9,47,'http://vkmedia.org/vk/aperiam_Will.mkv',862854,'{\"size\": \"862854\", \"owner\": \"Eldred Runte\"}',2,'2013-01-26 09:53:10','2020-10-21 17:46:47'),(10,7,'http://vkmedia.org/vk/quis_Jacobson.avi',642638,'{\"size\": \"642638\", \"owner\": \"Una Doyle\"}',3,'2013-12-31 22:43:26','2020-10-21 17:46:47'),(11,39,'http://vkmedia.org/vk/voluptate_Barrows.mp3',755034,'{\"size\": \"755034\", \"owner\": \"Tyrell Kutch\"}',2,'2012-11-19 17:45:59','2020-10-21 17:46:47'),(12,44,'http://vkmedia.org/vk/sunt_Koss.gif',784150,'{\"size\": \"784150\", \"owner\": \"Lavern Grimes\"}',3,'2011-04-27 04:29:25','2020-10-21 17:46:47'),(13,19,'http://vkmedia.org/vk/sunt_Quigley.png',614630,'{\"size\": \"614630\", \"owner\": \"Magali Pfeffer\"}',2,'2014-09-28 18:12:17','2020-10-21 17:46:47'),(14,69,'http://vkmedia.org/vk/ducimus_Cole.mkv',135233,'{\"size\": \"135233\", \"owner\": \"Eva Cummerata\"}',1,'2013-02-26 06:21:26','2020-10-21 17:46:47'),(15,98,'http://vkmedia.org/vk/laudantium_Rohan.png',822277,'{\"size\": \"822277\", \"owner\": \"Laurie Von\"}',3,'2011-03-23 16:43:59','2020-10-21 17:46:47'),(16,48,'http://vkmedia.org/vk/occaecati_Hahn.gif',695688,'{\"size\": \"695688\", \"owner\": \"Nikki Schamberger\"}',1,'2015-04-28 16:11:40','2020-10-21 17:46:47'),(17,27,'http://vkmedia.org/vk/recusandae_Reynolds.png',1001608,'{\"size\": \"1001608\", \"owner\": \"Ewald Wunsch\"}',3,'2014-04-04 06:04:59','2020-10-21 17:46:47'),(18,11,'http://vkmedia.org/vk/possimus_Hackett.png',910975,'{\"size\": \"910975\", \"owner\": \"Aidan Huel\"}',3,'2016-03-03 06:13:40','2020-10-21 17:46:47'),(19,3,'http://vkmedia.org/vk/velit_Cronin.jpeg',645651,'{\"size\": \"645651\", \"owner\": \"Pattie Hermann\"}',1,'2014-11-07 19:24:21','2020-10-21 17:36:28'),(20,59,'http://vkmedia.org/vk/fugiat_McKenzie.gif',540055,'{\"size\": \"540055\", \"owner\": \"Wellington Thiel\"}',1,'2015-07-31 22:54:09','2020-10-21 17:46:47'),(21,43,'http://vkmedia.org/vk/ipsum_Streich.mp3',865804,'{\"size\": \"865804\", \"owner\": \"Renee Gleason\"}',3,'2010-12-06 15:01:53','2020-10-21 17:46:47'),(22,70,'http://vkmedia.org/vk/ab_Becker.mkv',382069,'{\"size\": \"382069\", \"owner\": \"Cheyenne Streich\"}',2,'2016-06-28 05:50:25','2020-10-21 17:46:47'),(23,97,'http://vkmedia.org/vk/et_Rohan.mp3',957347,'{\"size\": \"957347\", \"owner\": \"Edmund Jerde\"}',2,'2012-12-20 23:36:07','2020-10-21 17:46:47'),(24,23,'http://vkmedia.org/vk/a_Dietrich.jpeg',302934,'{\"size\": \"302934\", \"owner\": \"Dedrick Donnelly\"}',2,'2010-11-18 20:27:09','2020-10-21 17:46:47'),(25,8,'http://vkmedia.org/vk/debitis_Senger.png',358463,'{\"size\": \"358463\", \"owner\": \"Aglae Abernathy\"}',1,'2013-02-25 07:33:16','2020-10-21 17:46:47'),(26,2,'http://vkmedia.org/vk/veniam_Mohr.mkv',156571,'{\"size\": \"156571\", \"owner\": \"Yolanda Hudson\"}',3,'2016-08-18 13:18:49','2020-10-21 17:46:47'),(27,25,'http://vkmedia.org/vk/quia_Pfeffer.png',900816,'{\"size\": \"900816\", \"owner\": \"Vito Batz\"}',1,'2013-02-28 02:38:56','2020-10-21 17:46:47'),(28,26,'http://vkmedia.org/vk/deleniti_Hermann.gif',24369,'{\"size\": \"24369\", \"owner\": \"Rudy Kuphal\"}',1,'2017-02-02 20:52:40','2020-10-21 17:46:47'),(29,84,'http://vkmedia.org/vk/beatae_Ortiz.avi',409395,'{\"size\": \"409395\", \"owner\": \"Abe Jacobson\"}',2,'2017-09-18 01:46:20','2020-10-21 17:46:47'),(30,7,'http://vkmedia.org/vk/facere_Huel.avi',963868,'{\"size\": \"963868\", \"owner\": \"Una Doyle\"}',3,'2012-11-04 08:25:54','2020-10-21 17:46:47'),(31,99,'http://vkmedia.org/vk/quam_Macejkovic.jpeg',581156,'{\"size\": \"581156\", \"owner\": \"Chaz Gislason\"}',1,'2016-05-08 02:59:21','2020-10-21 17:46:47'),(32,34,'http://vkmedia.org/vk/modi_Senger.avi',1004176,'{\"size\": \"1004176\", \"owner\": \"Isidro Wiegand\"}',3,'2011-02-14 01:37:50','2020-10-21 17:46:47'),(33,24,'http://vkmedia.org/vk/quos_Gislason.jpeg',267412,'{\"size\": \"267412\", \"owner\": \"Hailee Lowe\"}',3,'2016-04-18 03:13:04','2020-10-21 17:46:47'),(34,84,'http://vkmedia.org/vk/corporis_Champlin.mp3',873515,'{\"size\": \"873515\", \"owner\": \"Abe Jacobson\"}',1,'2015-05-11 05:10:30','2020-10-21 17:46:47'),(35,48,'http://vkmedia.org/vk/provident_Mohr.mkv',314532,'{\"size\": \"314532\", \"owner\": \"Nikki Schamberger\"}',1,'2017-08-28 06:00:50','2020-10-21 17:46:47'),(36,92,'http://vkmedia.org/vk/possimus_Ullrich.gif',760426,'{\"size\": \"760426\", \"owner\": \"Camden Macejkovic\"}',2,'2015-09-19 03:05:54','2020-10-21 17:46:47'),(37,13,'http://vkmedia.org/vk/deserunt_Champlin.mkv',848535,'{\"size\": \"848535\", \"owner\": \"Felicia Homenick\"}',3,'2012-05-19 00:05:05','2020-10-21 17:46:47'),(38,41,'http://vkmedia.org/vk/iure_Stanton.avi',282186,'{\"size\": \"282186\", \"owner\": \"Louie Bosco\"}',1,'2014-03-06 14:26:37','2020-10-21 17:46:47'),(39,32,'http://vkmedia.org/vk/laboriosam_Boyer.png',951395,'{\"size\": \"951395\", \"owner\": \"Megane Gerlach\"}',2,'2013-04-02 06:37:16','2020-10-21 17:46:47'),(40,53,'http://vkmedia.org/vk/quis_Romaguera.mkv',201374,'{\"size\": \"201374\", \"owner\": \"Pearl Lesch\"}',1,'2016-01-15 10:18:23','2020-10-21 17:46:47'),(41,92,'http://vkmedia.org/vk/in_Huel.jpeg',142682,'{\"size\": \"142682\", \"owner\": \"Camden Macejkovic\"}',1,'2016-11-03 02:28:22','2020-10-21 17:46:47'),(42,86,'http://vkmedia.org/vk/illo_Reynolds.gif',99291,'{\"size\": \"99291\", \"owner\": \"Miles Kozey\"}',2,'2016-10-16 00:39:24','2020-10-21 17:46:47'),(43,1,'http://vkmedia.org/vk/ut_Gleason.gif',780383,'{\"size\": \"780383\", \"owner\": \"Eudora Zulauf\"}',1,'2016-12-25 13:04:33','2020-10-21 17:46:47'),(44,59,'http://vkmedia.org/vk/assumenda_White.gif',58408,'{\"size\": \"58408\", \"owner\": \"Wellington Thiel\"}',2,'2012-09-24 09:35:47','2020-10-21 17:46:47'),(45,5,'http://vkmedia.org/vk/qui_Gislason.mkv',45360,'{\"size\": \"45360\", \"owner\": \"Bailey Dibbert\"}',3,'2015-02-21 07:47:11','2020-10-21 17:46:47'),(46,66,'http://vkmedia.org/vk/voluptatem_Schowalter.gif',875649,'{\"size\": \"875649\", \"owner\": \"Cruz Wehner\"}',3,'2013-05-17 08:21:49','2020-10-21 17:46:47'),(47,20,'http://vkmedia.org/vk/explicabo_Jones.gif',232167,'{\"size\": \"232167\", \"owner\": \"Elena Langworth\"}',1,'2014-05-28 16:26:14','2020-10-21 17:46:47'),(48,28,'http://vkmedia.org/vk/rerum_Hahn.avi',984166,'{\"size\": \"984166\", \"owner\": \"Sammie Christiansen\"}',2,'2015-01-16 02:43:55','2020-10-21 17:46:47'),(49,44,'http://vkmedia.org/vk/unde_Rohan.mkv',523889,'{\"size\": \"523889\", \"owner\": \"Lavern Grimes\"}',3,'2017-12-08 13:41:43','2020-10-21 17:36:28'),(50,70,'http://vkmedia.org/vk/minima_Johns.avi',735609,'{\"size\": \"735609\", \"owner\": \"Cheyenne Streich\"}',3,'2011-04-02 14:56:06','2020-10-21 17:46:47'),(51,54,'http://vkmedia.org/vk/nihil_Jacobson.jpeg',715546,'{\"size\": \"715546\", \"owner\": \"Meagan Schaefer\"}',3,'2011-08-24 00:26:08','2020-10-21 17:46:47'),(52,81,'http://vkmedia.org/vk/minima_Jerde.avi',360902,'{\"size\": \"360902\", \"owner\": \"Ophelia Cronin\"}',2,'2011-10-05 01:04:05','2020-10-21 17:46:47'),(53,22,'http://vkmedia.org/vk/qui_Lesch.gif',912943,'{\"size\": \"912943\", \"owner\": \"Carey Romaguera\"}',2,'2015-02-13 08:19:50','2020-10-21 17:46:47'),(54,76,'http://vkmedia.org/vk/dolore_Cummerata.mkv',983050,'{\"size\": \"983050\", \"owner\": \"Antonio Kuvalis\"}',2,'2015-09-15 12:48:42','2020-10-21 17:46:47'),(55,84,'http://vkmedia.org/vk/sed_Gerlach.jpeg',647875,'{\"size\": \"647875\", \"owner\": \"Abe Jacobson\"}',2,'2011-10-08 05:45:23','2020-10-21 17:46:47'),(56,92,'http://vkmedia.org/vk/tempora_Gislason.jpeg',166420,'{\"size\": \"166420\", \"owner\": \"Camden Macejkovic\"}',3,'2014-12-23 21:17:03','2020-10-21 17:46:47'),(57,83,'http://vkmedia.org/vk/possimus_Homenick.jpeg',146667,'{\"size\": \"146667\", \"owner\": \"Muhammad Mills\"}',2,'2013-04-11 02:29:44','2020-10-21 17:46:47'),(58,92,'http://vkmedia.org/vk/aut_Lesch.mkv',872953,'{\"size\": \"872953\", \"owner\": \"Camden Macejkovic\"}',3,'2013-01-28 07:12:31','2020-10-21 17:46:47'),(59,88,'http://vkmedia.org/vk/sit_Jacobson.jpeg',855505,'{\"size\": \"855505\", \"owner\": \"Jackeline Langosh\"}',2,'2015-09-23 01:02:20','2020-10-21 17:46:47'),(60,68,'http://vkmedia.org/vk/iste_Quigley.jpeg',779711,'{\"size\": \"779711\", \"owner\": \"Keenan Rohan\"}',1,'2014-05-31 09:00:55','2020-10-21 17:46:47'),(61,16,'http://vkmedia.org/vk/aut_Pfeffer.png',448555,'{\"size\": \"448555\", \"owner\": \"Brent Hettinger\"}',3,'2014-07-07 06:18:14','2020-10-21 17:46:47'),(62,95,'http://vkmedia.org/vk/rerum_Mann.avi',893642,'{\"size\": \"893642\", \"owner\": \"Stefanie Beahan\"}',2,'2014-12-26 08:05:45','2020-10-21 17:46:47'),(63,32,'http://vkmedia.org/vk/dolorem_Boyer.avi',112548,'{\"size\": \"112548\", \"owner\": \"Megane Gerlach\"}',2,'2016-05-04 02:08:06','2020-10-21 17:46:47'),(64,77,'http://vkmedia.org/vk/quis_Rohan.avi',871812,'{\"size\": \"871812\", \"owner\": \"Lue Ortiz\"}',2,'2016-03-18 08:16:30','2020-10-21 17:46:47'),(65,33,'http://vkmedia.org/vk/id_Auer.mkv',11418,'{\"size\": \"11418\", \"owner\": \"Assunta Cole\"}',3,'2013-07-01 05:51:33','2020-10-21 17:46:47'),(66,66,'http://vkmedia.org/vk/ea_Grimes.png',431656,'{\"size\": \"431656\", \"owner\": \"Cruz Wehner\"}',3,'2015-03-02 04:52:04','2020-10-21 17:46:47'),(67,7,'http://vkmedia.org/vk/corporis_Kozey.jpeg',648665,'{\"size\": \"648665\", \"owner\": \"Una Doyle\"}',1,'2016-03-30 14:49:15','2020-10-21 17:46:47'),(68,53,'http://vkmedia.org/vk/voluptas_Sauer.mp3',114025,'{\"size\": \"114025\", \"owner\": \"Pearl Lesch\"}',3,'2011-04-27 22:45:39','2020-10-21 17:46:47'),(69,68,'http://vkmedia.org/vk/magni_Brekke.jpeg',666812,'{\"size\": \"666812\", \"owner\": \"Keenan Rohan\"}',1,'2017-06-13 20:38:47','2020-10-21 17:46:47'),(70,81,'http://vkmedia.org/vk/magnam_Ullrich.mp3',265158,'{\"size\": \"265158\", \"owner\": \"Ophelia Cronin\"}',3,'2013-05-14 18:25:53','2020-10-21 17:46:47'),(71,56,'http://vkmedia.org/vk/dolorum_Lesch.avi',973716,'{\"size\": \"973716\", \"owner\": \"Nora Gutmann\"}',2,'2014-08-14 18:59:23','2020-10-21 17:46:47'),(72,27,'http://vkmedia.org/vk/voluptas_Mosciski.jpeg',378067,'{\"size\": \"378067\", \"owner\": \"Ewald Wunsch\"}',3,'2012-08-05 09:39:14','2020-10-21 17:46:47'),(73,50,'http://vkmedia.org/vk/ea_Schamberger.mp3',63104,'{\"size\": \"63104\", \"owner\": \"Maritza Fahey\"}',1,'2018-03-01 14:56:40','2020-10-21 17:46:47'),(74,21,'http://vkmedia.org/vk/iure_Schaefer.jpeg',384376,'{\"size\": \"384376\", \"owner\": \"Mathilde Mosciski\"}',2,'2013-05-28 16:24:40','2020-10-21 17:46:47'),(75,68,'http://vkmedia.org/vk/exercitationem_Champlin.png',722566,'{\"size\": \"722566\", \"owner\": \"Keenan Rohan\"}',1,'2016-02-06 09:19:17','2020-10-21 17:46:47'),(76,28,'http://vkmedia.org/vk/quia_Brekke.mkv',449702,'{\"size\": \"449702\", \"owner\": \"Sammie Christiansen\"}',1,'2014-01-18 23:27:43','2020-10-21 17:46:47'),(77,21,'http://vkmedia.org/vk/illum_Bashirian.avi',70812,'{\"size\": \"70812\", \"owner\": \"Mathilde Mosciski\"}',1,'2018-01-18 19:08:03','2020-10-21 17:46:47'),(78,17,'http://vkmedia.org/vk/illum_Brekke.mp3',994957,'{\"size\": \"994957\", \"owner\": \"Robin Hammes\"}',1,'2013-03-06 20:42:17','2020-10-21 17:46:47'),(79,43,'http://vkmedia.org/vk/nesciunt_Grimes.png',879896,'{\"size\": \"879896\", \"owner\": \"Renee Gleason\"}',2,'2015-02-14 03:26:36','2020-10-21 17:46:47'),(80,28,'http://vkmedia.org/vk/consequuntur_Gerlach.mkv',752347,'{\"size\": \"752347\", \"owner\": \"Sammie Christiansen\"}',2,'2013-04-02 11:46:30','2020-10-21 17:46:47'),(81,40,'http://vkmedia.org/vk/enim_Parisian.mkv',766864,'{\"size\": \"766864\", \"owner\": \"Ned Brekke\"}',1,'2014-12-27 00:34:45','2020-10-21 17:46:47'),(82,62,'http://vkmedia.org/vk/expedita_Shanahan.gif',567282,'{\"size\": \"567282\", \"owner\": \"Dexter Gleason\"}',1,'2016-03-06 12:12:48','2020-10-21 17:46:47'),(83,40,'http://vkmedia.org/vk/tempore_Fay.gif',255283,'{\"size\": \"255283\", \"owner\": \"Ned Brekke\"}',1,'2017-04-19 09:26:58','2020-10-21 17:46:47'),(84,75,'http://vkmedia.org/vk/dicta_Parisian.png',525819,'{\"size\": \"525819\", \"owner\": \"Clifford Effertz\"}',3,'2012-02-18 04:07:28','2020-10-21 17:46:47'),(85,41,'http://vkmedia.org/vk/laboriosam_Cole.mkv',626725,'{\"size\": \"626725\", \"owner\": \"Louie Bosco\"}',2,'2013-09-07 16:41:14','2020-10-21 17:46:47'),(86,58,'http://vkmedia.org/vk/molestiae_Schiller.mkv',917250,'{\"size\": \"917250\", \"owner\": \"Cloyd Stanton\"}',3,'2012-11-26 12:08:30','2020-10-21 17:46:47'),(87,28,'http://vkmedia.org/vk/autem_Graham.png',357777,'{\"size\": \"357777\", \"owner\": \"Sammie Christiansen\"}',2,'2011-03-12 15:39:10','2020-10-21 17:46:47'),(88,34,'http://vkmedia.org/vk/dolorem_Shanahan.mkv',998793,'{\"size\": \"998793\", \"owner\": \"Isidro Wiegand\"}',2,'2015-07-31 23:54:06','2020-10-21 17:46:47'),(89,1,'http://vkmedia.org/vk/molestiae_Casper.gif',232217,'{\"size\": \"232217\", \"owner\": \"Eudora Zulauf\"}',1,'2012-03-11 12:27:28','2020-10-21 17:46:47'),(90,13,'http://vkmedia.org/vk/quaerat_Mohr.jpeg',898712,'{\"size\": \"898712\", \"owner\": \"Felicia Homenick\"}',3,'2011-07-29 21:33:26','2020-10-21 17:46:47'),(91,42,'http://vkmedia.org/vk/quasi_White.gif',410230,'{\"size\": \"410230\", \"owner\": \"Jayden White\"}',2,'2010-12-23 21:45:39','2020-10-21 17:46:47'),(92,51,'http://vkmedia.org/vk/sit_Gerhold.mp3',154705,'{\"size\": \"154705\", \"owner\": \"Oleta Wunsch\"}',3,'2012-05-22 07:58:46','2020-10-21 17:46:47'),(93,62,'http://vkmedia.org/vk/error_Rohan.avi',66874,'{\"size\": \"66874\", \"owner\": \"Dexter Gleason\"}',1,'2015-10-16 12:03:13','2020-10-21 17:46:47'),(94,15,'http://vkmedia.org/vk/autem_Rohan.avi',860255,'{\"size\": \"860255\", \"owner\": \"Kale Homenick\"}',2,'2014-07-05 21:56:30','2020-10-21 17:46:47'),(95,60,'http://vkmedia.org/vk/reprehenderit_Bartoletti.mp3',90655,'{\"size\": \"90655\", \"owner\": \"Gardner Mohr\"}',3,'2011-10-11 22:12:27','2020-10-21 17:46:47'),(96,81,'http://vkmedia.org/vk/ratione_Fahey.gif',862511,'{\"size\": \"862511\", \"owner\": \"Ophelia Cronin\"}',3,'2017-09-11 01:11:36','2020-10-21 17:46:47'),(97,35,'http://vkmedia.org/vk/accusantium_Grimes.jpeg',345015,'{\"size\": \"345015\", \"owner\": \"Devon Murray\"}',2,'2010-12-10 16:59:25','2020-10-21 17:46:47'),(98,46,'http://vkmedia.org/vk/voluptatem_Grimes.mkv',30591,'{\"size\": \"30591\", \"owner\": \"Misty Baumbach\"}',2,'2015-09-25 02:27:51','2020-10-21 17:46:47'),(99,56,'http://vkmedia.org/vk/velit_Gleason.mp3',555420,'{\"size\": \"555420\", \"owner\": \"Nora Gutmann\"}',2,'2012-12-09 15:55:06','2020-10-21 17:46:47'),(100,81,'http://vkmedia.org/vk/voluptatibus_Wunsch.mkv',675328,'{\"size\": \"675328\", \"owner\": \"Ophelia Cronin\"}',1,'2013-09-12 22:15:39','2020-10-21 17:46:47');
/*!40000 ALTER TABLE `media` ENABLE KEYS */;
UNLOCK TABLES;

--
-- Table structure for table `media_types`
--

DROP TABLE IF EXISTS `media_types`;
/*!40101 SET @saved_cs_client     = @@character_set_client */;
/*!50503 SET character_set_client = utf8mb4 */;
CREATE TABLE `media_types` (
  `id` int unsigned NOT NULL AUTO_INCREMENT COMMENT 'table row identifier',
  `name` varchar(255) CHARACTER SET utf8 COLLATE utf8_unicode_ci NOT NULL COMMENT 'typemame',
  `created_at` datetime DEFAULT CURRENT_TIMESTAMP COMMENT 'record''s creation time-stamp',
  `updated_at` datetime DEFAULT CURRENT_TIMESTAMP ON UPDATE CURRENT_TIMESTAMP COMMENT 'record''s updating time-stamp',
  PRIMARY KEY (`id`),
  UNIQUE KEY `name` (`name`)
) ENGINE=InnoDB AUTO_INCREMENT=4 DEFAULT CHARSET=utf8 COLLATE=utf8_unicode_ci COMMENT='Mediafile types';
/*!40101 SET character_set_client = @saved_cs_client */;

--
-- Dumping data for table `media_types`
--

LOCK TABLES `media_types` WRITE;
/*!40000 ALTER TABLE `media_types` DISABLE KEYS */;
INSERT INTO `media_types` VALUES (1,'photo','2020-10-21 17:46:21','2020-10-21 17:46:21'),(2,'video','2020-10-21 17:46:21','2020-10-21 17:46:21'),(3,'audio','2020-10-21 17:46:21','2020-10-21 17:46:21');
/*!40000 ALTER TABLE `media_types` ENABLE KEYS */;
UNLOCK TABLES;

--
-- Table structure for table `messages`
--

DROP TABLE IF EXISTS `messages`;
/*!40101 SET @saved_cs_client     = @@character_set_client */;
/*!50503 SET character_set_client = utf8mb4 */;
CREATE TABLE `messages` (
  `id` int unsigned NOT NULL AUTO_INCREMENT COMMENT 'table row identifier',
  `from_user_id` int unsigned NOT NULL COMMENT 'reference to message sender',
  `to_user_id` int unsigned NOT NULL COMMENT 'reference to message addressee',
  `body` text CHARACTER SET utf8 COLLATE utf8_unicode_ci NOT NULL COMMENT 'message text',
  `is_important` tinyint(1) DEFAULT NULL COMMENT 'massage importance',
  `is_delivered` tinyint(1) DEFAULT NULL COMMENT 'delivery_status',
  `created_at` datetime DEFAULT CURRENT_TIMESTAMP COMMENT 'record''s creation time-stamp',
  `updated_at` datetime DEFAULT CURRENT_TIMESTAMP ON UPDATE CURRENT_TIMESTAMP COMMENT 'record''s updating time-stamp',
  PRIMARY KEY (`id`)
) ENGINE=InnoDB AUTO_INCREMENT=101 DEFAULT CHARSET=utf8 COLLATE=utf8_unicode_ci COMMENT='message table';
/*!40101 SET character_set_client = @saved_cs_client */;

--
-- Dumping data for table `messages`
--

LOCK TABLES `messages` WRITE;
/*!40000 ALTER TABLE `messages` DISABLE KEYS */;
INSERT INTO `messages` VALUES (1,21,5,'Aut quis sunt ipsum eum omnis aspernatur. Magnam sequi voluptates nemo quia ut eveniet et. Ducimus voluptatem alias sit sit suscipit. Qui eos excepturi animi sit.',1,0,'2015-12-04 07:41:43','2020-02-26 21:18:29'),(2,69,43,'Harum sint asperiores vel aut modi. Iste nihil aut et ullam.',0,0,'2011-11-26 06:42:24','2020-03-05 20:52:49'),(3,19,92,'Eos quod quo repellendus assumenda quos eos. Laudantium asperiores repellat alias itaque. Aliquid autem maxime et. Similique in reprehenderit nemo inventore. Aut voluptatem animi voluptatem.',0,0,'2016-11-16 06:56:07','2020-04-27 08:45:47'),(4,2,76,'Quo incidunt nostrum rem recusandae quo eius. Sunt sapiente aliquam doloremque. Est sed autem hic cum.',1,0,'2011-06-19 01:19:04','2020-03-10 19:19:38'),(5,16,35,'Ratione ipsum debitis at sed. Velit aut earum aut sunt odit pariatur. Ut consequuntur omnis voluptatibus at eos magnam consequuntur. Sed fuga harum non voluptas reiciendis ipsa ducimus.',0,1,'2015-12-01 13:51:20','2020-08-01 21:18:28'),(6,52,50,'Accusantium ipsum non velit voluptatum. Debitis magnam omnis neque. Iusto cupiditate rerum eveniet nemo deserunt eius.',1,1,'2013-01-05 04:43:49','2020-02-28 05:57:29'),(7,71,100,'Voluptatem dolorem inventore sunt provident. Eius quia minima ea. Deleniti voluptatem quo est quos.',1,0,'2017-05-11 05:01:21','2019-11-01 10:40:52'),(8,15,38,'Dolores enim temporibus vel perspiciatis culpa qui numquam. Beatae eos hic tempore quo. Ipsa cumque et rerum ad ipsum iure esse voluptatibus. Labore totam sunt mollitia.',0,1,'2014-06-14 16:53:14','2020-04-22 12:48:15'),(9,65,60,'Consequatur blanditiis in deleniti architecto. Cupiditate nesciunt molestiae quis iste fugit. Et quaerat deleniti earum ratione et.',1,0,'2013-12-11 07:19:21','2020-06-06 17:30:15'),(10,40,15,'Ad architecto excepturi est repellat eos. Architecto perspiciatis sapiente dicta aperiam explicabo. Odit eligendi possimus labore corporis nihil et.',0,1,'2017-06-04 13:45:21','2020-05-01 07:30:54'),(11,30,20,'Ut reiciendis maiores molestias ut. Quos nihil nostrum quis sit modi. Quia inventore et doloribus voluptatem enim placeat.',1,1,'2013-03-08 03:51:59','2020-04-21 05:38:16'),(12,9,97,'Velit exercitationem iusto consectetur ex alias harum in. Quis sapiente omnis rem inventore quas corporis animi. Voluptatem adipisci praesentium minus reiciendis commodi. Odit natus quam dolores illum et.',0,0,'2012-04-18 10:19:15','2020-04-24 19:13:30'),(13,8,4,'Nisi sint velit excepturi qui ducimus sapiente voluptatem quia. Omnis est qui non quae molestias maxime dolor. Enim in est quia qui. Et voluptas aut tempore laboriosam.',1,1,'2016-06-04 19:01:40','2020-05-16 01:44:10'),(14,2,88,'Eos dolorem delectus adipisci pariatur assumenda sint omnis. Quo deleniti sunt commodi dignissimos ut consectetur animi. Et saepe cumque non architecto et.',0,0,'2011-10-31 15:30:27','2020-08-25 08:31:20'),(15,30,37,'Dolores deleniti facere similique. Iste ut perspiciatis nostrum voluptatibus dicta et perferendis unde. Delectus esse vel explicabo quae aut voluptatibus est optio. Dolorem ipsam dolore deserunt non ab nobis voluptas dolor.',1,1,'2013-08-15 09:18:57','2020-04-27 21:53:36'),(16,87,50,'Ex accusantium nesciunt rem tempore illo est. Eaque dolor odit id qui. Animi voluptate accusamus id occaecati.',0,0,'2012-09-13 23:46:07','2019-11-14 12:58:33'),(17,42,55,'Enim veniam omnis et. Aut accusantium totam adipisci incidunt at eum corporis. Exercitationem repellendus dolore dolor iure est omnis autem.',0,1,'2016-03-20 07:17:55','2020-05-16 19:43:24'),(18,93,60,'Doloribus doloribus sapiente esse vel. Consequuntur ratione ullam non. Ut laborum laudantium voluptatem asperiores quasi iure. Corrupti omnis placeat architecto sit eligendi. Architecto ea voluptas dolorum dignissimos vero.',0,0,'2013-10-21 16:50:55','2020-09-05 06:02:25'),(19,46,94,'Iusto ut quaerat nostrum fugit quisquam numquam ut. Ad cupiditate tempora in. Id non vel officiis.',0,1,'2013-09-07 06:27:01','2020-04-24 21:56:20'),(20,35,62,'Cumque pariatur ipsa molestiae. Amet ut non cupiditate quia. Nostrum dolorem reiciendis blanditiis iusto maxime libero quia necessitatibus. Non nesciunt consequuntur autem ipsam molestiae. Veniam quo et consectetur laborum dolores.',0,0,'2014-07-17 01:38:56','2020-03-06 11:17:25'),(21,29,86,'Voluptas sunt occaecati in molestias inventore quod. Mollitia quia ipsum quia aspernatur fugit nihil. Itaque dolores dolores minus ratione maxime consequatur. Tempore laudantium eligendi ratione et cum et occaecati.',1,1,'2012-11-21 14:03:15','2019-12-31 18:37:31'),(22,12,99,'Natus mollitia ipsa error commodi nesciunt. Provident quia atque excepturi est voluptatem odio. Velit distinctio aut quae ipsa dolorum adipisci. Quae harum consequatur reprehenderit sit. Quibusdam aut facilis fuga tempora ipsa dolorem eligendi.',0,0,'2012-08-01 10:40:43','2020-02-22 18:35:17'),(23,85,26,'Eius aliquid temporibus distinctio temporibus quasi numquam fugiat vero. Doloremque molestiae fugiat doloribus ipsa. Aut quo fugit suscipit modi autem at dolore.',1,1,'2016-05-01 08:48:59','2020-09-06 23:39:50'),(24,36,50,'Quo dolor voluptas pariatur repellat pariatur in iusto. Non cupiditate consectetur est voluptatem et nihil ad. Sed voluptatem aut laboriosam. Dolor voluptatem voluptatum rerum mollitia.',1,0,'2017-02-24 12:37:14','2020-08-26 20:16:49'),(25,85,76,'Sit fugit voluptatibus nobis labore accusantium voluptatem. Ipsam assumenda nostrum asperiores omnis aut ut numquam. Temporibus sed distinctio perferendis ea minima similique.',0,1,'2013-06-12 15:20:17','2019-11-15 13:34:59'),(26,65,15,'Cum ut officia quibusdam voluptatum impedit vel aut. Vel eos aut quis sed id. Occaecati quidem vel et ea incidunt. In sed vitae fugit saepe dolor ex. Officia qui repellat qui enim.',1,1,'2014-12-21 04:15:35','2019-12-09 08:21:39'),(27,95,73,'Dolor rem consectetur debitis earum. Facere iusto ut reiciendis. Vel magnam iure et et eveniet. Alias accusantium accusantium illo.',1,0,'2013-12-03 02:31:10','2019-10-18 03:30:01'),(28,11,3,'Maiores dolore quia ipsum. Quas quasi quo sed laudantium ut. Quia repudiandae et asperiores minus tenetur optio. Ut velit nam illum ducimus corporis voluptatibus aut.',0,1,'2017-09-16 18:25:00','2020-07-07 20:27:06'),(29,77,13,'Ex id similique occaecati deserunt est. Aut aut culpa et dolorem repellendus excepturi. Quos et blanditiis molestiae sint error perspiciatis. Provident voluptas quia amet molestiae sint est animi.',1,1,'2017-07-06 00:00:43','2020-10-01 16:31:09'),(30,91,6,'Mollitia sed voluptate consequatur quia ducimus aperiam sit. Et in inventore doloremque at facilis id et optio. Hic voluptates quia dolor tenetur reiciendis blanditiis.',1,1,'2013-08-19 16:48:08','2020-04-27 18:08:28'),(31,49,77,'Dignissimos aut ut sequi optio. Vero quia ipsa sit et. Nihil pariatur sint neque praesentium rerum laudantium suscipit. Beatae sed sed dicta.',0,1,'2017-08-16 15:45:15','2020-04-24 05:12:36'),(32,56,90,'Iure sunt vitae animi aut consectetur quas. Saepe eaque qui eius perferendis corrupti. Facilis iusto quisquam facere facere tenetur maxime fuga. Non consectetur excepturi expedita id eius officiis aut.',0,0,'2012-06-06 21:56:56','2020-01-07 11:29:18'),(33,31,49,'Illum voluptatum temporibus fuga. Illum accusantium nihil accusantium libero dolorem omnis. Ut minima rerum sint minima.',1,1,'2013-07-09 23:25:15','2019-11-17 13:24:43'),(34,50,77,'Accusantium velit id assumenda. Temporibus doloremque vero placeat voluptas excepturi sed.',0,1,'2015-07-02 04:25:59','2019-11-15 01:26:05'),(35,42,84,'Veritatis aspernatur incidunt occaecati. Molestiae nesciunt delectus sint aspernatur maiores dolorum. Quos hic beatae consequuntur velit ab alias. Aperiam at ut blanditiis qui sapiente ab.',0,1,'2013-07-26 20:59:14','2020-05-13 04:12:08'),(36,39,70,'Omnis voluptatibus unde est. Placeat nulla iusto odit et velit quo illo est.',1,0,'2017-03-10 13:52:05','2019-11-16 21:26:37'),(37,70,50,'Voluptas deserunt occaecati cum non aut. Ratione error repellendus perspiciatis nemo. Fugiat dolorem porro in non et temporibus. Expedita similique aspernatur nulla dolorum quasi molestias quod.',1,0,'2014-11-13 19:37:31','2020-05-31 19:16:37'),(38,69,55,'Assumenda cumque sint numquam et aut magni vel. Unde accusamus officia quaerat ut. Dolore blanditiis velit dolore voluptas unde ratione.',1,0,'2014-12-29 12:06:27','2019-10-16 13:00:09'),(39,76,4,'Expedita ea nam eos mollitia. Exercitationem omnis rem non sit illum. Dolor error et laboriosam repudiandae error rem.',1,1,'2014-12-04 07:04:29','2020-03-04 16:20:37'),(40,5,61,'Voluptate sunt et eum excepturi ut. Unde sit optio magni tempore est assumenda iste. Ipsum praesentium necessitatibus velit.',1,1,'2013-07-18 23:39:00','2020-06-14 07:17:57'),(41,79,69,'Totam minima ad aliquid eligendi ullam. Dolore rerum aut sed expedita ducimus. Dolorem nisi reprehenderit eius quam. Voluptas ut sit officia quia.',1,1,'2011-11-15 23:34:52','2020-09-15 14:37:56'),(42,75,74,'Labore id hic deserunt praesentium quo debitis sit. Et quaerat deleniti ea nihil. Libero nesciunt et consequuntur. Aut officia non sit quo pariatur quod ipsa.',0,0,'2015-04-14 04:17:25','2020-08-04 14:57:28'),(43,42,85,'Ut harum quam perferendis et tempore doloribus. Nulla aspernatur eum praesentium aut occaecati voluptas eum explicabo. Et ducimus at quia in eaque excepturi. Delectus velit ut perspiciatis est quasi.',1,1,'2015-03-01 18:34:06','2020-04-22 06:55:34'),(44,76,18,'Sed et quia magnam ducimus quo vitae rem eveniet. Dolor accusantium debitis quibusdam velit blanditiis praesentium. Voluptatem placeat dignissimos totam molestiae a voluptatum. Omnis aut quisquam molestias a omnis in.',1,0,'2018-02-16 16:02:05','2020-01-11 12:41:44'),(45,98,66,'Consectetur esse sequi quae asperiores. Quaerat perspiciatis accusamus perferendis nihil. Error sit a recusandae sunt hic.',0,0,'2014-07-17 01:56:45','2020-05-25 10:19:48'),(46,24,47,'Totam corporis officiis ut et eum. Nulla qui aut aut explicabo itaque fugiat. Tempora nulla numquam deserunt.',1,1,'2013-07-30 10:53:25','2020-10-04 00:19:24'),(47,42,80,'Nam veritatis mollitia dolorem cum aliquam cupiditate architecto. Quibusdam autem repudiandae mollitia impedit nostrum. Est sed ullam unde cum voluptatum. Sit voluptatem nobis et.',0,0,'2015-12-22 03:17:12','2019-11-16 07:35:48'),(48,37,73,'Qui doloremque dolores tenetur. Maxime eum corporis ab.',0,1,'2013-06-04 12:27:43','2020-06-07 21:38:16'),(49,28,86,'Aut deserunt ut quidem ut nobis. Saepe similique et similique non et cupiditate. Expedita aliquid error corrupti architecto.',0,0,'2011-04-04 17:05:23','2020-01-01 16:32:00'),(50,49,69,'Molestiae nihil dolorum id et voluptatibus et blanditiis et. Et qui eos fuga dignissimos. Nesciunt quia nisi cum doloremque dolores.',1,0,'2016-01-07 16:01:44','2020-01-19 02:56:10'),(51,70,88,'Qui inventore animi consequatur quos. Voluptatibus quasi ut placeat dicta. Modi inventore nesciunt blanditiis est distinctio. Sed dolorem voluptas incidunt.',0,1,'2012-08-08 08:04:28','2020-08-23 16:26:18'),(52,39,40,'Eum consequatur aut et dolores quod nemo. Qui id nisi quod a id quod. Ex dolor maiores cumque culpa quia illum unde.',0,1,'2012-03-29 22:08:52','2019-11-28 16:42:11'),(53,37,7,'Mollitia temporibus excepturi eaque maxime aspernatur consequatur suscipit quis. Est fugiat explicabo soluta eaque voluptates id enim. Aut rerum aliquam consequatur quidem voluptate. Laboriosam et distinctio est alias veniam aut.',1,1,'2016-12-23 22:23:19','2020-07-24 12:23:46'),(54,95,13,'Cum ducimus consequatur repellat aut aut. Voluptatem est sit rerum dicta voluptas dolor iste. Ab autem natus commodi reiciendis fugit ut. Earum quasi quo hic non voluptatem.',1,0,'2017-06-18 23:18:44','2020-06-14 07:36:25'),(55,11,99,'Adipisci eius laboriosam error recusandae neque. Modi debitis eaque magni sunt. Voluptas doloribus fugit libero dignissimos.',0,0,'2013-01-03 20:08:27','2020-02-10 20:53:19'),(56,73,90,'Tempora voluptates quod dicta. Voluptas et aliquid modi nihil. Non modi maxime molestiae sed rem inventore.',0,0,'2011-05-22 12:34:00','2020-09-06 04:08:49'),(57,67,47,'Quo asperiores tempora reiciendis. Culpa rerum blanditiis ut. Ut nulla suscipit ex debitis tempore sed autem.',0,1,'2017-01-04 18:40:30','2020-04-27 16:54:01'),(58,63,9,'Ad soluta vel id doloremque. Beatae enim qui optio omnis deleniti tempore. Quia iste doloribus accusantium dolore.',0,0,'2011-04-30 20:55:07','2020-07-09 16:45:39'),(59,32,39,'Qui ut corrupti rem eaque amet commodi qui. Debitis dignissimos eligendi quisquam aliquid magni libero et ad. Reprehenderit nesciunt est et. At provident sed qui aut dicta ratione.',0,1,'2015-06-23 13:59:52','2020-06-01 12:44:14'),(60,26,29,'Eos enim aut aut aut nihil eligendi. Maiores et explicabo qui ut ratione suscipit ea repellat. Voluptatem delectus aliquam eos nulla. Odio ipsa occaecati rerum veniam voluptas amet eum ipsa.',0,0,'2011-11-01 10:52:36','2020-04-04 04:12:55'),(61,4,49,'Eius voluptatibus et vel accusamus. Occaecati unde qui quas commodi. Quia ducimus repellendus amet nisi. Quos dolor qui labore eos aliquid distinctio.',1,1,'2017-03-16 11:24:19','2020-08-17 00:25:24'),(62,76,46,'Itaque perferendis error dolore eaque laboriosam. Incidunt exercitationem fuga aperiam voluptatibus similique eum dolores repudiandae. Molestiae est et nihil rerum sint. Ratione omnis qui enim sunt.',1,0,'2015-06-05 07:16:53','2020-03-09 11:19:35'),(63,28,12,'Harum facilis quidem aut voluptatum quae dolor. Non aut consectetur consequuntur quia. Dolore autem accusantium ipsum id.',1,0,'2013-09-27 13:10:05','2020-02-07 19:56:44'),(64,18,55,'Perspiciatis accusantium illum in et quas. Hic perspiciatis culpa autem aliquid aspernatur animi. Nobis molestias quia vitae praesentium delectus. Et est ab inventore delectus et ipsum.',0,0,'2011-12-31 01:49:52','2020-07-17 14:25:04'),(65,98,66,'Deserunt est sequi deserunt magnam error. Asperiores commodi occaecati odit culpa et et qui. Non dicta minus qui qui inventore qui. Optio autem exercitationem eum maxime consectetur illum suscipit.',0,0,'2016-07-03 06:18:25','2020-05-25 11:59:49'),(66,24,67,'Magnam magni accusantium illum hic et distinctio. Quis nemo omnis natus tempore molestiae omnis deserunt. Aut tempore nobis dolor sequi. Suscipit aut repellendus sit repudiandae quo. Ut amet eaque ipsum quisquam ut.',0,1,'2017-09-09 11:46:37','2020-08-15 11:17:53'),(67,54,63,'Numquam velit rem quo itaque. Non perferendis suscipit debitis cumque nihil modi. Doloribus eos ut omnis aut voluptas. Doloremque illo minus fugiat minus.',0,1,'2018-02-06 06:05:36','2020-07-23 14:30:13'),(68,7,91,'Ea qui voluptate sequi id veniam odio. Consequuntur et quam voluptatem atque fugiat animi. Aspernatur fugiat quibusdam pariatur modi sint rerum est tenetur. Autem incidunt sed et quam ad ipsa.',1,1,'2016-07-24 07:41:00','2020-03-17 11:33:30'),(69,70,1,'Eius autem qui illum ullam ullam. Qui enim fugit occaecati dolores nesciunt molestiae ut.',0,0,'2016-02-26 23:46:26','2020-09-10 05:29:22'),(70,3,81,'Et unde soluta non hic officiis quia repudiandae. Consequatur ea iure autem voluptatem quisquam quo. Similique dolorum porro quo nulla totam vel placeat. Voluptatum provident sit dolorem reprehenderit maiores quis.',1,0,'2017-02-26 15:25:05','2019-11-05 07:59:33'),(71,99,75,'Labore et ea et explicabo amet et quidem quasi. Iusto expedita quod maxime eos autem. Tenetur nihil repudiandae iure qui nihil.',0,1,'2015-09-11 16:20:34','2020-03-05 22:44:34'),(72,71,66,'Cupiditate maiores qui laboriosam pariatur omnis molestiae. Hic ipsum ducimus praesentium dolorem recusandae atque qui ullam. Porro doloremque minima atque itaque porro. Est dicta fuga ullam. Sequi sunt id veritatis architecto dolorem error quos.',1,1,'2011-08-07 13:04:42','2020-05-08 19:18:32'),(73,22,34,'Nostrum sunt nisi quia voluptate id et. Unde praesentium distinctio aliquid aut blanditiis sit veritatis.',0,1,'2014-08-09 20:47:20','2020-09-25 19:20:59'),(74,74,53,'Ea a qui et ullam quisquam accusamus eligendi. Repellendus sunt ut aut neque consectetur. Accusantium et ea vel.',1,1,'2011-09-22 16:40:29','2020-07-03 07:13:37'),(75,72,99,'Qui soluta ut et ipsa consectetur autem quis. Et rerum ut ducimus sapiente quidem. Porro quis aut voluptatibus amet atque fugit. Molestias enim amet autem non in.',1,1,'2015-07-14 14:28:03','2019-11-16 13:32:21'),(76,82,75,'Voluptatem delectus culpa animi excepturi dolorum. Hic debitis et ab possimus inventore.',1,1,'2013-07-16 06:26:00','2020-02-08 08:25:14'),(77,48,57,'Quod recusandae aut maxime. Accusamus ipsum vero sed in quae animi maxime iste. Blanditiis magnam illum voluptas qui. Minus odit est ea impedit.',0,1,'2011-09-29 08:30:29','2020-06-13 15:10:57'),(78,21,76,'Et officia esse in dolor. Hic perspiciatis et non enim nihil aspernatur odio non. Repudiandae est dolorum consequatur cum maiores quia perferendis sunt. Eligendi deserunt voluptatem aliquam consequatur rerum cumque.',0,0,'2016-06-23 04:26:48','2020-05-16 02:38:56'),(79,69,38,'Ducimus illum id aliquid nostrum veritatis. Praesentium labore dolor occaecati in qui deleniti cupiditate. Quibusdam similique molestias cum neque non et explicabo. Voluptatum vel pariatur occaecati.',0,0,'2016-07-23 09:41:58','2019-11-12 06:15:31'),(80,30,66,'Nihil iste inventore quas optio tempore aspernatur autem. Incidunt vel dolorem dolores est enim consequuntur dolor. Voluptas suscipit velit blanditiis alias. Vel accusantium et ut accusantium rem.',0,1,'2011-10-21 15:05:54','2019-11-12 14:38:17'),(81,4,54,'Debitis commodi minus et reiciendis qui. Dolorem quia quaerat error dicta. Reiciendis et mollitia non molestias porro molestiae.',0,1,'2012-09-28 02:47:44','2019-12-09 16:08:38'),(82,33,57,'Quis enim at a id fugiat expedita. Eos repudiandae animi velit aut esse sit repellendus. Quis exercitationem aut ad ducimus fugiat nam eligendi nihil.',1,1,'2011-08-06 18:08:52','2019-10-31 09:29:03'),(83,17,39,'Delectus a est vero sint sequi molestiae. Id nobis asperiores doloremque aut est nihil. Dolorem sit est sequi quaerat quia eum hic ea. Ullam temporibus nam inventore in tempora quis voluptatibus ea.',0,1,'2012-09-09 17:55:37','2020-07-09 07:09:28'),(84,47,86,'Itaque necessitatibus et autem illum quaerat ab. Debitis vero officia quam accusantium qui quisquam et. Nisi dolorem officiis ad quisquam. Minus sint aut modi est est reiciendis ullam assumenda.',1,0,'2014-06-24 03:24:36','2020-01-24 05:59:08'),(85,39,49,'Accusantium sunt nesciunt dolore placeat quibusdam eius nihil praesentium. Omnis illo qui esse quas earum. Voluptatibus perspiciatis dolorem libero rerum ullam assumenda non. Sit aspernatur autem eos sint.',0,0,'2014-07-09 01:41:20','2020-05-26 13:26:48'),(86,66,37,'Dolorem maxime voluptatem maiores cupiditate neque quibusdam sint. Exercitationem possimus molestias enim ex architecto. Ullam voluptatibus ea qui mollitia quia quas. Consequuntur magnam id ad pariatur voluptate voluptas sint.',0,1,'2017-05-25 13:31:28','2020-08-01 18:42:10'),(87,24,37,'Consectetur numquam consequuntur maxime dolore aut quis. Vel id quae repudiandae vel optio blanditiis. Consequuntur dolorem provident quod eos. Illo fuga delectus nostrum quo occaecati laboriosam. Odit aut id deleniti ut sunt.',0,0,'2010-12-30 12:38:27','2020-01-29 08:36:42'),(88,2,46,'Ea soluta voluptas earum est. Ab facere nulla magnam ducimus voluptatem voluptate. Placeat distinctio tempora qui sed facere. Inventore repellendus et dolorem quo repellendus quos.',0,1,'2015-02-08 03:57:32','2020-02-10 15:06:38'),(89,70,76,'Ut ab voluptatem adipisci aut doloribus velit. Optio a id aut et. Sunt ipsa mollitia ducimus rerum harum. Dolor adipisci vel dolor.',1,1,'2015-08-02 06:37:41','2020-03-12 11:51:44'),(90,98,41,'Officia quos facilis id sunt molestias. Aut sapiente nesciunt aut quam iste. Fuga aut iusto rerum et enim est. Rem non atque fuga qui esse quia velit.',0,1,'2013-05-07 15:05:08','2020-04-14 18:55:11'),(91,74,80,'Repellendus aperiam optio dolores molestiae. Nisi similique aperiam quia sunt occaecati beatae. Et illum corrupti odio voluptatem magni nisi. Omnis omnis nobis et beatae sed id est.',1,0,'2017-07-10 10:04:26','2020-06-30 09:11:46'),(92,16,21,'Sit vel nesciunt at id eligendi et qui. Hic voluptates ut itaque blanditiis nisi voluptas. Itaque est harum eius dolore doloremque fugit laboriosam.',1,0,'2015-08-14 03:38:41','2019-11-28 22:30:13'),(93,37,36,'Aut aut voluptas et omnis. Quisquam consequatur atque et error odio. Ut atque ducimus quis corporis.',0,0,'2017-12-03 07:07:52','2020-05-10 00:42:28'),(94,96,5,'Velit vero illum similique ea ut ullam. Laboriosam dolor nihil qui animi eveniet nulla. Consectetur sit libero eaque autem.',1,0,'2017-07-27 09:38:57','2020-06-06 21:09:07'),(95,73,26,'Aut corrupti expedita aut est. Sed nihil magni debitis rerum dolor eos quia quibusdam. Rerum et minima ipsum quo enim in.',1,1,'2015-08-09 13:53:15','2020-03-13 03:00:47'),(96,71,76,'Laborum saepe praesentium rerum. Quo totam dolore ut delectus sed. Eaque numquam sit quae ut exercitationem suscipit rerum. Ratione eveniet odit nemo rerum.',0,1,'2016-11-18 06:11:38','2020-10-04 01:58:51'),(97,80,3,'Et et dolores cupiditate alias. Saepe soluta non voluptatem veniam et. Ex ut quam nesciunt laborum ad. Quisquam et atque corporis.',0,1,'2012-11-06 05:56:32','2019-12-24 06:08:13'),(98,33,96,'Quia accusantium ut ut eaque. Eos illo quisquam alias delectus dolorem sed consequatur non. Rem corporis fuga rerum. Sint nulla voluptatem facilis non.',0,0,'2016-01-06 17:55:45','2020-01-13 01:59:41'),(99,42,79,'Ad nihil odit fugit minus tenetur cupiditate cumque. Magnam velit aut explicabo. Libero neque laborum accusamus commodi. Libero fugit ex debitis.',1,1,'2015-01-26 13:25:02','2019-12-24 20:18:44'),(100,82,80,'Enim quo dolorem ea dolores. Iure non et aut quis qui. Quo consequatur sed libero. Dolorem nihil culpa et quibusdam aut blanditiis. Aspernatur consectetur est earum deserunt qui quae recusandae.',0,0,'2014-05-18 07:42:34','2020-01-22 05:53:16');
/*!40000 ALTER TABLE `messages` ENABLE KEYS */;
UNLOCK TABLES;

--
-- Table structure for table `profile_statuses`
--

DROP TABLE IF EXISTS `profile_statuses`;
/*!40101 SET @saved_cs_client     = @@character_set_client */;
/*!50503 SET character_set_client = utf8mb4 */;
CREATE TABLE `profile_statuses` (
  `id` int unsigned NOT NULL AUTO_INCREMENT COMMENT 'table row identifier',
  `name` varchar(30) NOT NULL COMMENT 'status name',
  `created_at` datetime DEFAULT CURRENT_TIMESTAMP COMMENT 'record''s creation time-stamp',
  `updated_at` datetime DEFAULT CURRENT_TIMESTAMP ON UPDATE CURRENT_TIMESTAMP COMMENT 'record''s updating time-stamp',
  PRIMARY KEY (`id`),
  UNIQUE KEY `name` (`name`)
) ENGINE=InnoDB AUTO_INCREMENT=6 DEFAULT CHARSET=utf8mb4 COLLATE=utf8mb4_0900_ai_ci COMMENT='pofile''s statuses';
/*!40101 SET character_set_client = @saved_cs_client */;

--
-- Dumping data for table `profile_statuses`
--

LOCK TABLES `profile_statuses` WRITE;
/*!40000 ALTER TABLE `profile_statuses` DISABLE KEYS */;
INSERT INTO `profile_statuses` VALUES (1,'online','2020-10-21 15:55:57','2020-10-21 15:55:57'),(2,'pending','2020-10-21 15:55:57','2020-10-21 15:55:57'),(3,'freezed','2020-10-21 15:55:57','2020-10-21 15:55:57'),(4,'offline','2020-10-21 15:55:57','2020-10-21 15:55:57'),(5,'deleted','2020-10-21 15:55:57','2020-10-21 15:55:57');
/*!40000 ALTER TABLE `profile_statuses` ENABLE KEYS */;
UNLOCK TABLES;

--
-- Table structure for table `profiles`
--

DROP TABLE IF EXISTS `profiles`;
/*!40101 SET @saved_cs_client     = @@character_set_client */;
/*!50503 SET character_set_client = utf8mb4 */;
CREATE TABLE `profiles` (
  `user_id` int unsigned NOT NULL COMMENT 'reference to user',
  `gender` enum('M','F') COLLATE utf8_unicode_ci NOT NULL,
  `birthday` date DEFAULT NULL COMMENT 'day of birth',
  `photo_id` int unsigned DEFAULT NULL COMMENT 'Referens to avatarphoto',
  `status_id` int unsigned NOT NULL COMMENT 'reference to user''s status',
  `city_id` int unsigned NOT NULL COMMENT 'reference to user''s location',
  `updated_at` datetime DEFAULT CURRENT_TIMESTAMP ON UPDATE CURRENT_TIMESTAMP COMMENT 'record''s updating time-stamp',
  PRIMARY KEY (`user_id`)
) ENGINE=InnoDB DEFAULT CHARSET=utf8 COLLATE=utf8_unicode_ci COMMENT='profiles table';
/*!40101 SET character_set_client = @saved_cs_client */;

--
-- Dumping data for table `profiles`
--

LOCK TABLES `profiles` WRITE;
/*!40000 ALTER TABLE `profiles` DISABLE KEYS */;
INSERT INTO `profiles` VALUES (1,'M','2013-12-27',39,1,62,'2020-10-21 17:03:33'),(2,'M','1992-05-24',68,1,23,'2020-10-21 17:03:33'),(3,'M','1996-04-18',25,1,29,'2020-10-21 17:03:33'),(4,'F','1992-12-08',22,1,74,'2020-10-21 17:03:33'),(5,'F','1982-08-31',85,3,82,'2020-10-21 17:03:33'),(6,'F','1990-11-16',86,1,90,'2020-10-21 17:03:33'),(7,'F','1998-01-26',3,1,1,'2020-10-21 17:03:33'),(8,'M','1995-11-14',81,2,35,'2020-10-21 17:03:33'),(9,'F','1986-05-02',56,3,70,'2020-10-21 17:03:33'),(10,'M','1979-05-12',35,1,46,'2020-10-21 17:03:33'),(11,'F','1978-01-21',77,1,18,'2020-10-21 17:03:33'),(12,'M','1974-10-18',100,3,54,'2020-10-21 17:03:33'),(13,'F','1993-12-20',39,1,15,'2020-10-21 17:03:33'),(14,'M','1985-12-04',19,1,12,'2020-10-21 17:03:33'),(15,'M','2013-02-07',89,4,15,'2020-10-21 17:03:33'),(16,'F','1991-05-10',16,1,39,'2020-10-21 17:03:33'),(17,'F','1973-05-15',73,1,50,'2020-10-21 17:03:33'),(18,'M','1983-06-09',72,1,30,'2020-10-21 17:03:33'),(19,'F','1988-10-23',52,1,100,'2020-10-21 17:03:33'),(20,'M','1976-06-04',42,2,11,'2020-10-21 17:03:33'),(21,'F','2009-03-29',21,3,52,'2020-10-21 17:03:33'),(22,'F','1995-12-10',96,1,29,'2020-10-21 17:03:33'),(23,'F','1976-03-08',39,1,88,'2020-10-21 17:03:33'),(24,'M','1977-10-05',17,1,52,'2020-10-21 17:03:33'),(25,'M','1991-08-13',1,1,95,'2020-10-21 17:03:33'),(26,'F','2013-01-06',95,1,17,'2020-10-21 17:03:33'),(27,'M','1985-05-12',82,1,2,'2020-10-21 17:03:33'),(28,'F','1987-08-21',24,1,58,'2020-10-21 17:03:33'),(29,'M','1978-08-30',90,1,83,'2020-10-21 17:03:33'),(30,'F','2017-01-04',44,1,41,'2020-10-21 17:03:33'),(31,'M','2016-11-21',91,3,56,'2020-10-21 17:03:33'),(32,'M','1976-08-05',28,2,55,'2020-10-21 17:03:33'),(33,'M','1982-12-06',12,1,7,'2020-10-21 17:03:33'),(34,'M','1983-10-09',16,2,70,'2020-10-21 17:03:33'),(35,'M','1971-11-16',50,1,29,'2020-10-21 17:03:33'),(36,'F','1988-12-17',96,1,33,'2020-10-21 17:03:33'),(37,'F','1982-07-08',1,1,78,'2020-10-21 17:03:33'),(38,'F','1974-05-07',52,2,93,'2020-10-21 17:03:33'),(39,'F','2016-09-18',76,3,27,'2020-10-21 17:03:33'),(40,'F','1976-09-22',57,5,57,'2020-10-21 17:03:33'),(41,'F','2016-01-01',87,1,4,'2020-10-21 17:03:33'),(42,'M','1978-02-21',53,1,50,'2020-10-21 17:03:33'),(43,'F','2020-04-10',56,1,34,'2020-10-21 17:03:33'),(44,'F','1993-10-29',26,1,22,'2020-10-21 17:03:33'),(45,'F','2014-04-06',71,1,8,'2020-10-21 17:03:33'),(46,'F','2001-01-05',45,1,71,'2020-10-21 17:03:33'),(47,'M','2012-04-21',41,1,34,'2020-10-21 17:03:33'),(48,'M','1994-02-25',44,1,53,'2020-10-21 17:03:33'),(49,'M','2020-08-14',17,1,66,'2020-10-21 17:03:33'),(50,'M','2009-02-04',93,1,68,'2020-10-21 17:03:33'),(51,'F','1970-07-11',85,1,41,'2020-10-21 17:03:33'),(52,'F','1989-05-15',37,2,3,'2020-10-21 17:03:33'),(53,'M','1970-03-29',89,1,91,'2020-10-21 17:03:33'),(54,'F','2009-01-10',24,1,44,'2020-10-21 17:03:33'),(55,'M','2019-08-15',54,1,48,'2020-10-21 17:03:33'),(56,'M','1977-12-09',89,1,5,'2020-10-21 17:03:33'),(57,'M','1986-04-25',18,2,84,'2020-10-21 17:03:33'),(58,'F','2019-06-27',36,2,1,'2020-10-21 17:03:33'),(59,'M','2008-02-21',13,1,53,'2020-10-21 17:03:33'),(60,'F','2004-01-02',7,1,64,'2020-10-21 17:03:33'),(61,'M','1978-11-12',79,1,58,'2020-10-21 17:03:33'),(62,'F','1973-02-11',4,1,97,'2020-10-21 17:03:33'),(63,'M','2018-06-01',35,1,13,'2020-10-21 17:03:33'),(64,'M','2011-01-26',90,1,74,'2020-10-21 17:03:33'),(65,'F','1976-10-25',19,1,28,'2020-10-21 17:03:33'),(66,'M','2010-04-11',84,1,17,'2020-10-21 17:03:33'),(67,'F','2008-04-04',85,1,100,'2020-10-21 17:03:33'),(68,'F','2009-07-28',20,1,48,'2020-10-21 17:03:33'),(69,'F','2001-05-12',36,1,40,'2020-10-21 17:03:33'),(70,'M','2009-08-16',61,1,57,'2020-10-21 17:03:33'),(71,'M','2007-02-22',77,5,65,'2020-10-21 17:03:33'),(72,'M','2005-08-22',23,1,54,'2020-10-21 17:03:33'),(73,'F','1975-10-01',13,1,75,'2020-10-21 17:03:33'),(74,'M','2014-07-18',33,1,12,'2020-10-21 17:03:33'),(75,'M','1986-06-29',48,4,34,'2020-10-21 17:03:33'),(76,'M','1983-04-18',84,1,34,'2020-10-21 17:03:33'),(77,'M','2011-03-04',77,1,67,'2020-10-21 17:03:33'),(78,'M','2003-07-13',89,1,31,'2020-10-21 17:03:33'),(79,'F','1984-04-21',27,1,55,'2020-10-21 17:03:33'),(80,'F','1981-04-10',93,1,81,'2020-10-21 17:03:33'),(81,'M','1981-02-06',81,4,39,'2020-10-21 17:03:33'),(82,'M','1980-11-10',12,1,51,'2020-10-21 17:03:33'),(83,'M','1981-12-03',30,5,36,'2020-10-21 17:03:33'),(84,'F','1981-07-17',70,1,30,'2020-10-21 17:03:33'),(85,'M','1994-07-09',35,1,39,'2020-10-21 17:03:33'),(86,'F','2017-06-27',84,1,7,'2020-10-21 17:03:33'),(87,'M','2005-06-04',58,1,14,'2020-10-21 17:03:33'),(88,'M','2011-05-17',52,3,51,'2020-10-21 17:03:33'),(89,'M','2006-07-06',19,1,11,'2020-10-21 17:03:33'),(90,'F','1979-07-13',70,1,4,'2020-10-21 17:03:33'),(91,'F','1986-02-06',59,4,84,'2020-10-21 17:03:33'),(92,'F','1982-03-21',98,1,7,'2020-10-21 17:03:33'),(93,'M','2000-12-29',74,1,85,'2020-10-21 17:03:33'),(94,'F','2018-10-20',93,1,2,'2020-10-21 17:03:33'),(95,'F','1993-04-26',87,5,53,'2020-10-21 17:03:33'),(96,'M','1971-01-16',92,1,60,'2020-10-21 17:03:33'),(97,'F','2004-10-01',77,1,39,'2020-10-21 17:03:33'),(98,'M','1977-06-27',72,1,15,'2020-10-21 17:03:33'),(99,'M','1997-01-12',12,1,59,'2020-10-21 17:03:33'),(100,'F','2006-10-02',12,1,50,'2020-10-21 17:03:33');
/*!40000 ALTER TABLE `profiles` ENABLE KEYS */;
UNLOCK TABLES;

--
-- Table structure for table `users`
--

DROP TABLE IF EXISTS `users`;
/*!40101 SET @saved_cs_client     = @@character_set_client */;
/*!50503 SET character_set_client = utf8mb4 */;
CREATE TABLE `users` (
  `id` int unsigned NOT NULL AUTO_INCREMENT COMMENT 'table row identifier',
  `first_name` varchar(100) CHARACTER SET utf8 COLLATE utf8_unicode_ci NOT NULL COMMENT 'user''s name',
  `last_name` varchar(100) CHARACTER SET utf8 COLLATE utf8_unicode_ci NOT NULL COMMENT 'user''s surname',
  `email` varchar(100) CHARACTER SET utf8 COLLATE utf8_unicode_ci NOT NULL COMMENT 'e-mail adress',
  `phone` varchar(100) CHARACTER SET utf8 COLLATE utf8_unicode_ci NOT NULL COMMENT 'user''s phone number',
  `created_at` datetime DEFAULT CURRENT_TIMESTAMP COMMENT 'record''s creation time-stamp',
  `updated_at` datetime DEFAULT CURRENT_TIMESTAMP ON UPDATE CURRENT_TIMESTAMP COMMENT 'record''s updating time-stamp',
  PRIMARY KEY (`id`),
  UNIQUE KEY `email` (`email`),
  UNIQUE KEY `phone` (`phone`)
) ENGINE=InnoDB AUTO_INCREMENT=101 DEFAULT CHARSET=utf8 COLLATE=utf8_unicode_ci COMMENT='users table';
/*!40101 SET character_set_client = @saved_cs_client */;

--
-- Dumping data for table `users`
--

LOCK TABLES `users` WRITE;
/*!40000 ALTER TABLE `users` DISABLE KEYS */;
INSERT INTO `users` VALUES (1,'Eudora','Zulauf','oscar.hirthe@example.org','+7(036)156-61-73','2015-09-26 05:47:23','2020-10-21 15:45:11'),(2,'Yolanda','Hudson','jess.murazik@example.com','+7(380)823-17-17','2011-02-09 16:32:03','2020-10-21 15:45:11'),(3,'Pattie','Hermann','stoltenberg.rigoberto@example.org','+7(167)621-95-83','2012-05-31 14:12:48','2020-10-21 15:45:11'),(4,'Danika','O\'Kon','sebastian57@example.com','+7(548)849-22-83','2016-07-04 08:09:15','2020-10-21 15:45:11'),(5,'Bailey','Dibbert','jeffry01@example.com','+7(292)421-19-39','2012-04-19 17:38:42','2020-10-21 15:45:11'),(6,'Kallie','Rohan','kailey.corkery@example.net','+7(844)082-52-44','2014-04-06 14:04:38','2020-10-21 15:45:11'),(7,'Una','Doyle','rachelle.o\'reilly@example.net','+7(060)682-90-17','2017-03-11 16:02:03','2020-10-21 15:45:11'),(8,'Aglae','Abernathy','shad77@example.net','+7(343)415-05-83','2017-11-15 13:17:23','2020-10-21 15:45:11'),(9,'Darius','Auer','cjenkins@example.org','+7(237)945-27-94','2012-05-14 06:47:16','2020-10-21 15:45:11'),(10,'Citlalli','Mohr','jennings.bauch@example.net','+7(337)621-06-19','2014-02-27 10:37:04','2020-10-21 15:45:11'),(11,'Aidan','Huel','cremin.juliet@example.net','+7(363)776-97-06','2013-05-22 03:51:50','2020-10-21 15:45:11'),(12,'Deanna','Torp','murazik.dawson@example.net','+7(400)002-03-75','2015-02-17 01:14:05','2020-10-21 15:45:11'),(13,'Felicia','Homenick','mccullough.alberto@example.org','+7(657)133-81-14','2011-12-03 05:07:02','2020-10-21 15:45:11'),(14,'Amya','Barrows','gwiegand@example.net','+7(558)879-58-84','2017-09-28 22:51:33','2020-10-21 15:45:11'),(15,'Kale','Homenick','adams.ezequiel@example.net','+7(874)912-64-48','2011-09-12 15:56:01','2020-10-21 15:45:11'),(16,'Brent','Hettinger','myrtle91@example.org','+7(902)378-75-14','2012-12-21 05:00:02','2020-10-21 15:45:11'),(17,'Robin','Hammes','kacey.anderson@example.net','+7(732)569-78-75','2017-08-06 04:50:04','2020-10-21 15:45:11'),(18,'Hank','McKenzie','hammes.kenna@example.com','+7(318)679-11-30','2014-01-14 00:57:10','2020-10-21 15:45:11'),(19,'Magali','Pfeffer','schulist.christine@example.com','+7(211)129-04-11','2015-09-04 09:34:02','2020-10-21 15:45:11'),(20,'Elena','Langworth','adams.roma@example.org','+7(460)207-22-26','2011-01-21 17:41:57','2020-10-21 15:45:11'),(21,'Mathilde','Mosciski','o\'connell.rodger@example.com','+7(250)358-49-26','2015-01-03 08:21:46','2020-10-21 15:45:11'),(22,'Carey','Romaguera','gusikowski.maud@example.net','+7(245)422-59-04','2016-08-17 14:45:17','2020-10-21 15:45:11'),(23,'Dedrick','Donnelly','nhartmann@example.com','+7(126)756-57-00','2015-05-11 16:31:13','2020-10-21 15:45:11'),(24,'Hailee','Lowe','tschuppe@example.com','+7(287)205-30-52','2017-01-12 22:56:27','2020-10-21 15:45:11'),(25,'Vito','Batz','shaylee.upton@example.org','+7(777)683-16-66','2013-11-26 09:12:59','2020-10-21 15:45:11'),(26,'Rudy','Kuphal','thiel.chadrick@example.com','+7(169)781-25-92','2013-03-31 20:52:10','2020-10-21 15:45:11'),(27,'Ewald','Wunsch','morar.clyde@example.com','+7(573)682-86-56','2011-12-08 11:08:14','2020-10-21 15:45:11'),(28,'Sammie','Christiansen','madelyn43@example.org','+7(959)105-83-40','2016-01-13 19:37:08','2020-10-21 15:45:11'),(29,'Anderson','Mitchell','hfisher@example.net','+7(827)008-08-10','2012-08-14 00:42:41','2020-10-21 15:45:11'),(30,'Hailie','Dietrich','onolan@example.com','+7(761)543-75-52','2011-09-16 17:32:25','2020-10-21 15:45:11'),(31,'Leanne','Schowalter','maximillian.koss@example.org','+7(284)496-19-37','2014-11-26 19:28:23','2020-10-21 15:45:11'),(32,'Megane','Gerlach','conn.helga@example.net','+7(571)339-38-46','2016-11-16 08:46:44','2020-10-21 15:45:11'),(33,'Assunta','Cole','jeremie.schuster@example.com','+7(020)426-59-87','2012-09-28 06:59:51','2020-10-21 15:45:11'),(34,'Isidro','Wiegand','kyra07@example.org','+7(813)362-18-08','2010-12-15 10:49:44','2020-10-21 15:45:11'),(35,'Devon','Murray','ondricka.laron@example.net','+7(853)210-94-35','2014-06-27 12:13:48','2020-10-21 15:45:11'),(36,'Rylee','Reichel','schmitt.kaci@example.org','+7(537)960-68-46','2017-05-06 04:32:02','2020-10-21 15:45:11'),(37,'Anika','Mann','littel.mose@example.org','+7(815)925-06-18','2018-02-16 16:33:02','2020-10-21 15:45:11'),(38,'Jacques','Johns','nina.blick@example.net','+7(526)623-13-43','2015-01-11 18:22:25','2020-10-21 15:45:11'),(39,'Tyrell','Kutch','manuel58@example.net','+7(380)554-20-60','2014-11-07 06:18:40','2020-10-21 15:45:11'),(40,'Ned','Brekke','kquigley@example.net','+7(152)850-73-89','2016-04-02 14:08:08','2020-10-21 15:45:11'),(41,'Louie','Bosco','waldo59@example.net','+7(112)780-93-99','2017-05-21 18:03:59','2020-10-21 15:45:11'),(42,'Jayden','White','kozey.bulah@example.net','+7(636)567-87-40','2012-01-28 02:37:02','2020-10-21 15:45:11'),(43,'Renee','Gleason','william29@example.net','+7(819)579-64-29','2011-10-14 13:38:04','2020-10-21 15:45:11'),(44,'Lavern','Grimes','herman.jerrod@example.net','+7(845)467-06-42','2018-01-31 15:29:31','2020-10-21 15:45:11'),(45,'Hertha','Marks','jules.leannon@example.net','+7(018)546-51-10','2017-10-16 16:27:44','2020-10-21 15:45:11'),(46,'Misty','Baumbach','frenner@example.com','+7(082)814-73-54','2017-04-12 02:46:52','2020-10-21 15:45:11'),(47,'Eldred','Runte','anader@example.org','+7(925)840-61-89','2013-06-02 22:24:55','2020-10-21 15:45:11'),(48,'Nikki','Schamberger','stark.miles@example.com','+7(186)809-30-03','2016-02-23 09:08:11','2020-10-21 15:45:11'),(49,'Mylene','Watsica','hgutmann@example.org','+7(361)924-48-88','2014-03-06 13:55:53','2020-10-21 15:45:11'),(50,'Maritza','Fahey','bschneider@example.org','+7(476)778-67-62','2016-06-25 13:56:19','2020-10-21 15:45:11'),(51,'Oleta','Wunsch','sdurgan@example.net','+7(193)706-37-89','2016-12-31 15:19:36','2020-10-21 15:45:11'),(52,'Grayson','Koss','uvolkman@example.com','+7(192)258-70-02','2012-09-23 10:30:09','2020-10-21 15:45:11'),(53,'Pearl','Lesch','mmclaughlin@example.org','+7(916)002-18-86','2011-08-21 20:10:54','2020-10-21 15:45:11'),(54,'Meagan','Schaefer','torp.arch@example.com','+7(813)155-05-51','2011-02-10 14:41:25','2020-10-21 15:45:11'),(55,'Lavon','Ortiz','kaleigh44@example.org','+7(062)429-10-41','2016-02-01 05:15:28','2020-10-21 15:45:11'),(56,'Nora','Gutmann','fahey.marco@example.net','+7(469)832-24-49','2017-04-09 14:36:05','2020-10-21 15:45:11'),(57,'Isidro','Sauer','hollis12@example.com','+7(262)468-11-29','2017-11-30 02:58:39','2020-10-21 15:45:11'),(58,'Cloyd','Stanton','ardella78@example.org','+7(832)228-33-74','2016-01-16 21:17:11','2020-10-21 15:45:11'),(59,'Wellington','Thiel','reina55@example.com','+7(264)480-68-64','2017-12-20 00:57:32','2020-10-21 15:45:11'),(60,'Gardner','Mohr','marks.maegan@example.net','+7(341)206-81-34','2010-12-13 05:32:06','2020-10-21 15:45:11'),(61,'Amalia','Graham','wkerluke@example.org','+7(128)469-99-71','2016-11-25 16:27:06','2020-10-21 15:45:11'),(62,'Dexter','Gleason','bertram.schuppe@example.org','+7(271)355-06-99','2017-12-21 18:43:14','2020-10-21 15:45:11'),(63,'Zella','Becker','samson18@example.org','+7(015)322-50-56','2011-05-27 15:41:33','2020-10-21 15:45:11'),(64,'Margarette','Champlin','mhickle@example.com','+7(742)676-86-38','2017-06-11 08:56:08','2020-10-21 15:45:11'),(65,'Allie','Reynolds','damaris.hackett@example.org','+7(440)081-13-20','2014-02-05 10:46:45','2020-10-21 15:45:11'),(66,'Cruz','Wehner','hkohler@example.com','+7(602)060-16-65','2015-09-09 18:22:02','2020-10-21 15:45:11'),(67,'Leopold','Keeling','carolyn.pacocha@example.org','+7(543)377-49-44','2014-12-20 23:50:26','2020-10-21 15:45:11'),(68,'Keenan','Rohan','ohowell@example.org','+7(756)258-51-11','2012-02-06 11:57:28','2020-10-21 15:45:11'),(69,'Eva','Cummerata','flatley.agnes@example.com','+7(531)512-64-29','2015-07-10 08:32:34','2020-10-21 15:45:11'),(70,'Cheyenne','Streich','delbert65@example.com','+7(878)263-65-64','2015-09-03 16:45:52','2020-10-21 15:45:11'),(71,'Gladys','Schiller','justina71@example.net','+7(539)659-90-18','2014-10-11 07:54:00','2020-10-21 15:45:11'),(72,'Deondre','Bergnaum','kjones@example.org','+7(509)591-05-51','2015-03-27 06:01:51','2020-10-21 15:45:11'),(73,'Claudie','Will','o\'connell.harrison@example.net','+7(095)920-89-04','2017-05-11 00:50:11','2020-10-21 15:45:11'),(74,'Vida','Jones','joy47@example.net','+7(128)662-30-28','2017-02-24 07:39:15','2020-10-21 15:45:11'),(75,'Clifford','Effertz','zschamberger@example.com','+7(659)986-78-71','2013-12-31 21:52:47','2020-10-21 15:45:11'),(76,'Antonio','Kuvalis','runolfsdottir.vance@example.org','+7(664)473-43-19','2017-12-11 23:08:45','2020-10-21 15:45:11'),(77,'Lue','Ortiz','schuyler43@example.org','+7(376)865-79-58','2016-12-23 07:42:05','2020-10-21 15:45:11'),(78,'Kira','Hahn','hailie80@example.org','+7(661)943-42-86','2012-05-17 10:49:18','2020-10-21 15:45:11'),(79,'Nathaniel','Casper','mccullough.benjamin@example.net','+7(573)224-41-26','2016-08-07 15:23:04','2020-10-21 15:45:11'),(80,'Fanny','Shanahan','bennie63@example.net','+7(806)040-95-06','2011-01-17 12:33:32','2020-10-21 15:45:11'),(81,'Ophelia','Cronin','easter27@example.com','+7(040)950-55-10','2017-05-31 03:14:21','2020-10-21 15:45:11'),(82,'Jayda','Ullrich','maiya.heidenreich@example.com','+7(806)040-09-80','2012-12-08 17:57:42','2020-10-21 15:45:11'),(83,'Muhammad','Mills','magnus.heaney@example.net','+7(077)528-46-70','2017-04-21 18:14:01','2020-10-21 15:45:11'),(84,'Abe','Jacobson','zboncak.noemie@example.org','+7(081)298-53-80','2018-02-01 12:25:17','2020-10-21 15:45:11'),(85,'Kennedy','Quigley','jmertz@example.com','+7(096)243-43-17','2010-12-27 17:12:33','2020-10-21 15:45:11'),(86,'Miles','Kozey','tillman.dan@example.org','+7(155)042-68-09','2017-07-01 23:50:39','2020-10-21 15:45:11'),(87,'Reed','Gerhold','thea.bartell@example.com','+7(315)248-73-35','2011-01-25 00:25:08','2020-10-21 15:45:11'),(88,'Jackeline','Langosh','gaylord.chet@example.com','+7(850)761-68-27','2016-04-05 06:28:26','2020-10-21 15:45:11'),(89,'Orion','Bashirian','o\'reilly.vaughn@example.net','+7(964)336-03-56','2014-11-05 17:02:22','2020-10-21 15:45:11'),(90,'Edythe','Fay','qmiller@example.com','+7(830)185-39-84','2011-12-08 17:23:01','2020-10-21 15:45:11'),(91,'Jadyn','Parisian','jackson12@example.net','+7(682)538-25-92','2013-09-12 13:45:05','2020-10-21 15:45:11'),(92,'Camden','Macejkovic','mosinski@example.com','+7(381)340-01-33','2011-10-07 02:43:23','2020-10-21 15:45:11'),(93,'Heidi','Boyer','grayson.herman@example.com','+7(638)278-23-34','2014-03-23 03:09:45','2020-10-21 15:45:11'),(94,'Yessenia','Hackett','phyllis.fritsch@example.net','+7(217)172-02-42','2013-03-12 02:14:40','2020-10-21 15:45:11'),(95,'Stefanie','Beahan','gcorwin@example.org','+7(917)481-80-88','2011-12-08 19:13:26','2020-10-21 15:45:11'),(96,'Rodger','Senger','isabelle16@example.org','+7(665)525-19-39','2013-11-22 03:11:17','2020-10-21 15:45:11'),(97,'Edmund','Jerde','carolyne.abshire@example.org','+7(839)708-94-16','2010-12-06 07:32:47','2020-10-21 15:45:11'),(98,'Laurie','Von','mgoyette@example.org','+7(618)884-86-99','2011-09-21 23:12:21','2020-10-21 15:45:11'),(99,'Chaz','Gislason','briana59@example.net','+7(592)276-36-02','2013-07-07 09:06:55','2020-10-21 15:45:11'),(100,'Zion','Bartoletti','gtoy@example.net','+7(300)001-71-67','2013-01-30 17:06:42','2020-10-21 15:45:11');
/*!40000 ALTER TABLE `users` ENABLE KEYS */;
UNLOCK TABLES;
/*!40103 SET TIME_ZONE=@OLD_TIME_ZONE */;

/*!40101 SET SQL_MODE=@OLD_SQL_MODE */;
/*!40014 SET FOREIGN_KEY_CHECKS=@OLD_FOREIGN_KEY_CHECKS */;
/*!40014 SET UNIQUE_CHECKS=@OLD_UNIQUE_CHECKS */;
/*!40101 SET CHARACTER_SET_CLIENT=@OLD_CHARACTER_SET_CLIENT */;
/*!40101 SET CHARACTER_SET_RESULTS=@OLD_CHARACTER_SET_RESULTS */;
/*!40101 SET COLLATION_CONNECTION=@OLD_COLLATION_CONNECTION */;
/*!40111 SET SQL_NOTES=@OLD_SQL_NOTES */;

-- Dump completed on 2020-10-21 18:23:46
